2026-04-08 23:28:19,859 INFO o.a.j.u.JMeterUtils: Setting Locale to en_EN
2026-04-08 23:28:19,867 INFO o.a.j.JMeter: Loading user properties from: /opt/apache-jmeter-5.6.3/bin/user.properties
2026-04-08 23:28:19,867 INFO o.a.j.JMeter: Loading system properties from: /opt/apache-jmeter-5.6.3/bin/system.properties
2026-04-08 23:28:19,870 INFO o.a.j.JMeter: Copyright (c) 1998-2024 The Apache Software Foundation
2026-04-08 23:28:19,870 INFO o.a.j.JMeter: Version 5.6.3
2026-04-08 23:28:19,870 INFO o.a.j.JMeter: java.version=1.8.0_482
2026-04-08 23:28:19,870 INFO o.a.j.JMeter: java.vm.name=OpenJDK 64-Bit Server VM
2026-04-08 23:28:19,870 INFO o.a.j.JMeter: os.name=Linux
2026-04-08 23:28:19,870 INFO o.a.j.JMeter: os.arch=amd64
2026-04-08 23:28:19,870 INFO o.a.j.JMeter: os.version=6.18.12-gentoo-dist
2026-04-08 23:28:19,871 INFO o.a.j.JMeter: file.encoding=UTF-8
2026-04-08 23:28:19,871 INFO o.a.j.JMeter: java.awt.headless=true
2026-04-08 23:28:19,871 INFO o.a.j.JMeter: Max memory     =1073741824
2026-04-08 23:28:19,871 INFO o.a.j.JMeter: Available Processors =32
2026-04-08 23:28:19,873 INFO o.a.j.JMeter: Default Locale=English (EN)
2026-04-08 23:28:19,874 INFO o.a.j.JMeter: JMeter  Locale=English (EN)
2026-04-08 23:28:19,874 INFO o.a.j.JMeter: JMeterHome=/opt/apache-jmeter-5.6.3
2026-04-08 23:28:19,874 INFO o.a.j.JMeter: user.dir  =/home/michael/Documents/School/MSSE640/msse640-assignments/project3
2026-04-08 23:28:19,874 INFO o.a.j.JMeter: PWD       =/home/michael/Documents/School/MSSE640/msse640-assignments/project3
2026-04-08 23:28:19,874 INFO o.a.j.JMeter: IP: 192.168.1.11 Name: dads_puter FullName: dads_puter
2026-04-08 23:28:19,884 INFO o.a.j.JMeter: Setting property 'jmeter.reportgenerator.outputdir' to:'/home/michael/Documents/School/MSSE640/msse640-assignments/project3/./report_stress-300'
2026-04-08 23:28:19,885 INFO o.a.j.s.FileServer: Default base='/home/michael/Documents/School/MSSE640/msse640-assignments/project3'
2026-04-08 23:28:19,886 INFO o.a.j.s.FileServer: Set new base='/home/michael/Documents/School/MSSE640/msse640-assignments/project3'
2026-04-08 23:28:19,949 INFO o.a.j.s.SaveService: Testplan (JMX) version: 2.2. Testlog (JTL) version: 2.2
2026-04-08 23:28:19,958 INFO o.a.j.s.SaveService: Using SaveService properties file encoding UTF-8
2026-04-08 23:28:19,961 INFO o.a.j.s.SaveService: Using SaveService properties version 5.0
2026-04-08 23:28:19,964 INFO o.a.j.s.SaveService: Loading file: JMeter-Users-Stress-300.jmx
2026-04-08 23:28:20,008 INFO o.a.j.p.h.s.HTTPSamplerBase: Parser for text/html is org.apache.jmeter.protocol.http.parser.LagartoBasedHtmlParser
2026-04-08 23:28:20,008 INFO o.a.j.p.h.s.HTTPSamplerBase: Parser for application/xhtml+xml is org.apache.jmeter.protocol.http.parser.LagartoBasedHtmlParser
2026-04-08 23:28:20,008 INFO o.a.j.p.h.s.HTTPSamplerBase: Parser for application/xml is org.apache.jmeter.protocol.http.parser.LagartoBasedHtmlParser
2026-04-08 23:28:20,008 INFO o.a.j.p.h.s.HTTPSamplerBase: Parser for text/xml is org.apache.jmeter.protocol.http.parser.LagartoBasedHtmlParser
2026-04-08 23:28:20,008 INFO o.a.j.p.h.s.HTTPSamplerBase: Parser for text/vnd.wap.wml is org.apache.jmeter.protocol.http.parser.RegexpHTMLParser
2026-04-08 23:28:20,008 INFO o.a.j.p.h.s.HTTPSamplerBase: Parser for text/css is org.apache.jmeter.protocol.http.parser.CssParser
2026-04-08 23:28:20,166 INFO o.a.j.JMeter: Creating summariser <summary>
2026-04-08 23:28:20,169 INFO o.a.j.r.d.ReportGenerator: ReportGenerator will use for Parsing the separator: ','
2026-04-08 23:28:20,169 INFO o.a.j.r.d.ReportGenerator: Will generate report at end of test from  results file: results-stress-300.jtl
2026-04-08 23:28:20,169 INFO o.a.j.r.d.ReportGenerator: Reading report generator properties from: /opt/apache-jmeter-5.6.3/bin/reportgenerator.properties
2026-04-08 23:28:20,169 INFO o.a.j.r.d.ReportGenerator: Merging with JMeter properties
2026-04-08 23:28:20,171 INFO o.a.j.r.c.ReportGeneratorConfiguration: Property 'jmeter.reportgenerator.temp_dir' not found, using default value 'temp' instead.
2026-04-08 23:28:20,173 INFO o.a.j.r.c.ReportGeneratorConfiguration: Property 'jmeter.reportgenerator.apdex_per_transaction' not found, using default value 'null' instead.
2026-04-08 23:28:20,173 INFO o.a.j.r.c.ReportGeneratorConfiguration: apdex_per_transaction is empty, not APDEX per transaction customization
2026-04-08 23:28:20,173 INFO o.a.j.r.c.ReportGeneratorConfiguration: Property 'jmeter.reportgenerator.sample_filter' not found, using default value 'null' instead.
2026-04-08 23:28:20,173 INFO o.a.j.r.c.ReportGeneratorConfiguration: Property 'jmeter.reportgenerator.report_title' not found, using default value 'null' instead.
2026-04-08 23:28:20,173 INFO o.a.j.r.c.ReportGeneratorConfiguration: Property 'jmeter.reportgenerator.start_date' not found, using default value 'null' instead.
2026-04-08 23:28:20,173 INFO o.a.j.r.c.ReportGeneratorConfiguration: Property 'jmeter.reportgenerator.end_date' not found, using default value 'null' instead.
2026-04-08 23:28:20,173 INFO o.a.j.r.c.ReportGeneratorConfiguration: Property 'jmeter.reportgenerator.date_format' not found, using default value 'null' instead.
2026-04-08 23:28:20,173 INFO o.a.j.r.c.ReportGeneratorConfiguration: Will use date range start date: null, end date: null
2026-04-08 23:28:20,175 INFO o.a.j.r.c.ReportGeneratorConfiguration: Property 'jmeter.reportgenerator.graph.totalTPS.exclude_controllers' not found, using default value 'false' instead.
2026-04-08 23:28:20,176 INFO o.a.j.r.c.ReportGeneratorConfiguration: Property 'jmeter.reportgenerator.graph.activeThreadsOverTime.exclude_controllers' not found, using default value 'false' instead.
2026-04-08 23:28:20,176 INFO o.a.j.r.c.ReportGeneratorConfiguration: Property 'jmeter.reportgenerator.graph.timeVsThreads.exclude_controllers' not found, using default value 'false' instead.
2026-04-08 23:28:20,176 INFO o.a.j.r.c.ReportGeneratorConfiguration: Property 'jmeter.reportgenerator.graph.responseTimeDistribution.exclude_controllers' not found, using default value 'false' instead.
2026-04-08 23:28:20,176 INFO o.a.j.r.c.ReportGeneratorConfiguration: Property 'jmeter.reportgenerator.graph.transactionsPerSecond.exclude_controllers' not found, using default value 'false' instead.
2026-04-08 23:28:20,176 INFO o.a.j.r.c.ReportGeneratorConfiguration: Property 'jmeter.reportgenerator.graph.responseTimePercentiles.exclude_controllers' not found, using default value 'false' instead.
2026-04-08 23:28:20,176 INFO o.a.j.r.c.ReportGeneratorConfiguration: Property 'jmeter.reportgenerator.graph.responseTimePercentilesOverTime.exclude_controllers' not found, using default value 'false' instead.
2026-04-08 23:28:20,176 INFO o.a.j.r.c.ReportGeneratorConfiguration: Property 'jmeter.reportgenerator.graph.responseTimesOverTime.exclude_controllers' not found, using default value 'false' instead.
2026-04-08 23:28:20,176 INFO o.a.j.r.c.ReportGeneratorConfiguration: Property 'jmeter.reportgenerator.graph.connectTimeOverTime.exclude_controllers' not found, using default value 'false' instead.
2026-04-08 23:28:20,176 INFO o.a.j.r.c.ReportGeneratorConfiguration: Property 'jmeter.reportgenerator.graph.latenciesOverTime.exclude_controllers' not found, using default value 'false' instead.
2026-04-08 23:28:20,177 INFO o.a.j.r.c.ReportGeneratorConfiguration: Property 'jmeter.reportgenerator.exporter.json.filters_only_sample_series' not found, using default value 'true' instead.
2026-04-08 23:28:20,177 INFO o.a.j.r.c.ReportGeneratorConfiguration: Property 'jmeter.reportgenerator.exporter.json.series_filter' not found, using default value '' instead.
2026-04-08 23:28:20,177 INFO o.a.j.r.c.ReportGeneratorConfiguration: Property 'jmeter.reportgenerator.exporter.json.show_controllers_only' not found, using default value 'false' instead.
2026-04-08 23:28:20,177 INFO o.a.j.r.c.ReportGeneratorConfiguration: Property 'jmeter.reportgenerator.exporter.html.filters_only_sample_series' not found, using default value 'true' instead.
2026-04-08 23:28:20,177 INFO o.a.j.r.c.ReportGeneratorConfiguration: Property 'jmeter.reportgenerator.exporter.html.series_filter' not found, using default value '' instead.
2026-04-08 23:28:20,177 INFO o.a.j.r.c.ReportGeneratorConfiguration: Property 'jmeter.reportgenerator.exporter.html.show_controllers_only' not found, using default value 'false' instead.
2026-04-08 23:28:20,181 INFO o.a.j.e.StandardJMeterEngine: Running the test!
2026-04-08 23:28:20,181 INFO o.a.j.s.SampleEvent: List of sample_variables: []
2026-04-08 23:28:20,181 INFO o.a.j.s.SampleEvent: List of sample_variables: []
2026-04-08 23:28:20,184 INFO o.a.j.e.u.CompoundVariable: Note: Function class names must contain the string: '.functions.'
2026-04-08 23:28:20,184 INFO o.a.j.e.u.CompoundVariable: Note: Function class names must not contain the string: '.gui.'
2026-04-08 23:28:20,330 INFO o.a.j.JMeter: Running test (1775708900330)
2026-04-08 23:28:20,368 INFO o.a.j.e.StandardJMeterEngine: Starting ThreadGroup: 1 : JMeter Users
2026-04-08 23:28:20,368 INFO o.a.j.e.StandardJMeterEngine: Starting 300 threads for group JMeter Users.
2026-04-08 23:28:20,368 INFO o.a.j.e.StandardJMeterEngine: Thread will continue on error
2026-04-08 23:28:20,368 INFO o.a.j.t.ThreadGroup: Starting thread group... number=1 threads=300 ramp-up=60 delayedStart=false
2026-04-08 23:28:20,374 INFO o.a.j.s.SampleResult: Note: Sample TimeStamps are START times
2026-04-08 23:28:20,374 INFO o.a.j.s.SampleResult: sampleresult.default.encoding is set to UTF-8
2026-04-08 23:28:20,374 INFO o.a.j.s.SampleResult: sampleresult.useNanoTime=true
2026-04-08 23:28:20,374 INFO o.a.j.s.SampleResult: sampleresult.nanoThreadSleep=5000
2026-04-08 23:28:20,375 INFO o.a.j.t.JMeterThread: Thread started: JMeter Users 1-1
2026-04-08 23:28:20,388 INFO o.a.j.p.h.s.HTTPHCAbstractImpl: Local host = dads_puter
2026-04-08 23:28:20,393 INFO o.a.j.p.h.s.HTTPHC4Impl: HTTP request retry count = 0
2026-04-08 23:28:20,427 INFO o.a.j.t.ThreadGroup: Started thread group number 1
2026-04-08 23:28:20,427 INFO o.a.j.e.StandardJMeterEngine: All thread groups have been started
2026-04-08 23:28:20,572 INFO o.a.j.t.JMeterThread: Thread started: JMeter Users 1-2
2026-04-08 23:28:20,771 INFO o.a.j.t.JMeterThread: Thread started: JMeter Users 1-3
2026-04-08 23:28:20,970 INFO o.a.j.t.JMeterThread: Thread started: JMeter Users 1-4
2026-04-08 23:28:21,170 INFO o.a.j.t.JMeterThread: Thread started: JMeter Users 1-5
2026-04-08 23:28:21,369 INFO o.a.j.t.JMeterThread: Thread started: JMeter Users 1-6
2026-04-08 23:28:21,569 INFO o.a.j.t.JMeterThread: Thread started: JMeter Users 1-7
2026-04-08 23:28:21,769 INFO o.a.j.t.JMeterThread: Thread started: JMeter Users 1-8
2026-04-08 23:28:21,969 INFO o.a.j.t.JMeterThread: Thread started: JMeter Users 1-9
2026-04-08 23:28:22,169 INFO o.a.j.t.JMeterThread: Thread started: JMeter Users 1-10
2026-04-08 23:28:22,369 INFO o.a.j.t.JMeterThread: Thread started: JMeter Users 1-11
2026-04-08 23:28:22,568 INFO o.a.j.t.JMeterThread: Thread started: JMeter Users 1-12
2026-04-08 23:28:22,769 INFO o.a.j.t.JMeterThread: Thread started: JMeter Users 1-13
2026-04-08 23:28:22,970 INFO o.a.j.t.JMeterThread: Thread started: JMeter Users 1-14
2026-04-08 23:28:23,169 INFO o.a.j.t.JMeterThread: Thread started: JMeter Users 1-15
2026-04-08 23:28:23,369 INFO o.a.j.t.JMeterThread: Thread started: JMeter Users 1-16
2026-04-08 23:28:23,568 INFO o.a.j.t.JMeterThread: Thread started: JMeter Users 1-17
2026-04-08 23:28:23,768 INFO o.a.j.t.JMeterThread: Thread started: JMeter Users 1-18
2026-04-08 23:28:23,969 INFO o.a.j.t.JMeterThread: Thread started: JMeter Users 1-19
2026-04-08 23:28:24,168 INFO o.a.j.t.JMeterThread: Thread started: JMeter Users 1-20
2026-04-08 23:28:24,368 INFO o.a.j.t.JMeterThread: Thread started: JMeter Users 1-21
2026-04-08 23:28:24,569 INFO o.a.j.t.JMeterThread: Thread started: JMeter Users 1-22
2026-04-08 23:28:24,769 INFO o.a.j.t.JMeterThread: Thread started: JMeter Users 1-23
2026-04-08 23:28:24,969 INFO o.a.j.t.JMeterThread: Thread started: JMeter Users 1-24
2026-04-08 23:28:25,168 INFO o.a.j.t.JMeterThread: Thread started: JMeter Users 1-25
2026-04-08 23:28:25,369 INFO o.a.j.t.JMeterThread: Thread started: JMeter Users 1-26
2026-04-08 23:28:25,569 INFO o.a.j.t.JMeterThread: Thread started: JMeter Users 1-27
2026-04-08 23:28:25,769 INFO o.a.j.t.JMeterThread: Thread started: JMeter Users 1-28
2026-04-08 23:28:25,969 INFO o.a.j.t.JMeterThread: Thread started: JMeter Users 1-29
2026-04-08 23:28:26,168 INFO o.a.j.t.JMeterThread: Thread started: JMeter Users 1-30
2026-04-08 23:28:26,368 INFO o.a.j.t.JMeterThread: Thread started: JMeter Users 1-31
2026-04-08 23:28:26,569 INFO o.a.j.t.JMeterThread: Thread started: JMeter Users 1-32
2026-04-08 23:28:26,769 INFO o.a.j.t.JMeterThread: Thread started: JMeter Users 1-33
2026-04-08 23:28:26,969 INFO o.a.j.t.JMeterThread: Thread started: JMeter Users 1-34
2026-04-08 23:28:27,168 INFO o.a.j.t.JMeterThread: Thread started: JMeter Users 1-35
2026-04-08 23:28:27,368 INFO o.a.j.t.JMeterThread: Thread started: JMeter Users 1-36
2026-04-08 23:28:27,569 INFO o.a.j.t.JMeterThread: Thread started: JMeter Users 1-37
2026-04-08 23:28:27,769 INFO o.a.j.t.JMeterThread: Thread started: JMeter Users 1-38
2026-04-08 23:28:27,969 INFO o.a.j.t.JMeterThread: Thread started: JMeter Users 1-39
2026-04-08 23:28:28,168 INFO o.a.j.t.JMeterThread: Thread started: JMeter Users 1-40
2026-04-08 23:28:28,368 INFO o.a.j.t.JMeterThread: Thread started: JMeter Users 1-41
2026-04-08 23:28:28,569 INFO o.a.j.t.JMeterThread: Thread started: JMeter Users 1-42
2026-04-08 23:28:28,770 INFO o.a.j.t.JMeterThread: Thread started: JMeter Users 1-43
2026-04-08 23:28:28,968 INFO o.a.j.t.JMeterThread: Thread started: JMeter Users 1-44
2026-04-08 23:28:29,168 INFO o.a.j.t.JMeterThread: Thread started: JMeter Users 1-45
2026-04-08 23:28:29,369 INFO o.a.j.t.JMeterThread: Thread started: JMeter Users 1-46
2026-04-08 23:28:29,570 INFO o.a.j.t.JMeterThread: Thread started: JMeter Users 1-47
2026-04-08 23:28:29,768 INFO o.a.j.t.JMeterThread: Thread started: JMeter Users 1-48
2026-04-08 23:28:29,968 INFO o.a.j.t.JMeterThread: Thread started: JMeter Users 1-49
2026-04-08 23:28:30,001 INFO o.a.j.r.Summariser: summary +   1483 in 00:00:10 =  153.4/s Avg:   152 Min:     4 Max:  1031 Err:     0 (0.00%) Active: 49 Started: 49 Finished: 0
2026-04-08 23:28:30,168 INFO o.a.j.t.JMeterThread: Thread started: JMeter Users 1-50
2026-04-08 23:28:30,369 INFO o.a.j.t.JMeterThread: Thread started: JMeter Users 1-51
2026-04-08 23:28:30,570 INFO o.a.j.t.JMeterThread: Thread started: JMeter Users 1-52
2026-04-08 23:28:30,769 INFO o.a.j.t.JMeterThread: Thread started: JMeter Users 1-53
2026-04-08 23:28:30,968 INFO o.a.j.t.JMeterThread: Thread started: JMeter Users 1-54
2026-04-08 23:28:31,168 INFO o.a.j.t.JMeterThread: Thread started: JMeter Users 1-55
2026-04-08 23:28:31,368 INFO o.a.j.t.JMeterThread: Thread started: JMeter Users 1-56
2026-04-08 23:28:31,569 INFO o.a.j.t.JMeterThread: Thread started: JMeter Users 1-57
2026-04-08 23:28:31,770 INFO o.a.j.t.JMeterThread: Thread started: JMeter Users 1-58
2026-04-08 23:28:31,968 INFO o.a.j.t.JMeterThread: Thread started: JMeter Users 1-59
2026-04-08 23:28:32,168 INFO o.a.j.t.JMeterThread: Thread started: JMeter Users 1-60
2026-04-08 23:28:32,368 INFO o.a.j.t.JMeterThread: Thread started: JMeter Users 1-61
2026-04-08 23:28:32,568 INFO o.a.j.t.JMeterThread: Thread started: JMeter Users 1-62
2026-04-08 23:28:32,769 INFO o.a.j.t.JMeterThread: Thread started: JMeter Users 1-63
2026-04-08 23:28:32,969 INFO o.a.j.t.JMeterThread: Thread started: JMeter Users 1-64
2026-04-08 23:28:33,169 INFO o.a.j.t.JMeterThread: Thread started: JMeter Users 1-65
2026-04-08 23:28:33,368 INFO o.a.j.t.JMeterThread: Thread started: JMeter Users 1-66
2026-04-08 23:28:33,568 INFO o.a.j.t.JMeterThread: Thread started: JMeter Users 1-67
2026-04-08 23:28:33,769 INFO o.a.j.t.JMeterThread: Thread started: JMeter Users 1-68
2026-04-08 23:28:33,969 INFO o.a.j.t.JMeterThread: Thread started: JMeter Users 1-69
2026-04-08 23:28:34,169 INFO o.a.j.t.JMeterThread: Thread started: JMeter Users 1-70
2026-04-08 23:28:34,369 INFO o.a.j.t.JMeterThread: Thread started: JMeter Users 1-71
2026-04-08 23:28:34,568 INFO o.a.j.t.JMeterThread: Thread started: JMeter Users 1-72
2026-04-08 23:28:34,768 INFO o.a.j.t.JMeterThread: Thread started: JMeter Users 1-73
2026-04-08 23:28:34,968 INFO o.a.j.t.JMeterThread: Thread started: JMeter Users 1-74
2026-04-08 23:28:35,168 INFO o.a.j.t.JMeterThread: Thread started: JMeter Users 1-75
2026-04-08 23:28:35,370 INFO o.a.j.t.JMeterThread: Thread started: JMeter Users 1-76
2026-04-08 23:28:35,569 INFO o.a.j.t.JMeterThread: Thread started: JMeter Users 1-77
2026-04-08 23:28:35,768 INFO o.a.j.t.JMeterThread: Thread started: JMeter Users 1-78
2026-04-08 23:28:35,968 INFO o.a.j.t.JMeterThread: Thread started: JMeter Users 1-79
2026-04-08 23:28:36,168 INFO o.a.j.t.JMeterThread: Thread started: JMeter Users 1-80
2026-04-08 23:28:36,368 INFO o.a.j.t.JMeterThread: Thread started: JMeter Users 1-81
2026-04-08 23:28:36,569 INFO o.a.j.t.JMeterThread: Thread started: JMeter Users 1-82
2026-04-08 23:28:36,769 INFO o.a.j.t.JMeterThread: Thread started: JMeter Users 1-83
2026-04-08 23:28:36,969 INFO o.a.j.t.JMeterThread: Thread started: JMeter Users 1-84
2026-04-08 23:28:37,168 INFO o.a.j.t.JMeterThread: Thread started: JMeter Users 1-85
2026-04-08 23:28:37,368 INFO o.a.j.t.JMeterThread: Thread started: JMeter Users 1-86
2026-04-08 23:28:37,568 INFO o.a.j.t.JMeterThread: Thread started: JMeter Users 1-87
2026-04-08 23:28:37,769 INFO o.a.j.t.JMeterThread: Thread started: JMeter Users 1-88
2026-04-08 23:28:37,968 INFO o.a.j.t.JMeterThread: Thread started: JMeter Users 1-89
2026-04-08 23:28:38,169 INFO o.a.j.t.JMeterThread: Thread started: JMeter Users 1-90
2026-04-08 23:28:38,369 INFO o.a.j.t.JMeterThread: Thread started: JMeter Users 1-91
2026-04-08 23:28:38,568 INFO o.a.j.t.JMeterThread: Thread started: JMeter Users 1-92
2026-04-08 23:28:38,769 INFO o.a.j.t.JMeterThread: Thread started: JMeter Users 1-93
2026-04-08 23:28:38,968 INFO o.a.j.t.JMeterThread: Thread started: JMeter Users 1-94
2026-04-08 23:28:39,168 INFO o.a.j.t.JMeterThread: Thread started: JMeter Users 1-95
2026-04-08 23:28:39,369 INFO o.a.j.t.JMeterThread: Thread started: JMeter Users 1-96
2026-04-08 23:28:39,569 INFO o.a.j.t.JMeterThread: Thread started: JMeter Users 1-97
2026-04-08 23:28:39,768 INFO o.a.j.t.JMeterThread: Thread started: JMeter Users 1-98
2026-04-08 23:28:39,968 INFO o.a.j.t.JMeterThread: Thread started: JMeter Users 1-99
2026-04-08 23:28:40,168 INFO o.a.j.t.JMeterThread: Thread started: JMeter Users 1-100
2026-04-08 23:28:40,368 INFO o.a.j.t.JMeterThread: Thread started: JMeter Users 1-101
2026-04-08 23:28:40,568 INFO o.a.j.t.JMeterThread: Thread started: JMeter Users 1-102
2026-04-08 23:28:40,769 INFO o.a.j.t.JMeterThread: Thread started: JMeter Users 1-103
2026-04-08 23:28:40,969 INFO o.a.j.t.JMeterThread: Thread started: JMeter Users 1-104
2026-04-08 23:28:41,168 INFO o.a.j.t.JMeterThread: Thread started: JMeter Users 1-105
2026-04-08 23:28:41,368 INFO o.a.j.t.JMeterThread: Thread started: JMeter Users 1-106
2026-04-08 23:28:41,569 INFO o.a.j.t.JMeterThread: Thread started: JMeter Users 1-107
2026-04-08 23:28:41,768 INFO o.a.j.t.JMeterThread: Thread started: JMeter Users 1-108
2026-04-08 23:28:41,968 INFO o.a.j.t.JMeterThread: Thread started: JMeter Users 1-109
2026-04-08 23:28:42,169 INFO o.a.j.t.JMeterThread: Thread started: JMeter Users 1-110
2026-04-08 23:28:42,369 INFO o.a.j.t.JMeterThread: Thread started: JMeter Users 1-111
2026-04-08 23:28:42,568 INFO o.a.j.t.JMeterThread: Thread started: JMeter Users 1-112
2026-04-08 23:28:42,768 INFO o.a.j.t.JMeterThread: Thread started: JMeter Users 1-113
2026-04-08 23:28:42,969 INFO o.a.j.t.JMeterThread: Thread started: JMeter Users 1-114
2026-04-08 23:28:43,168 INFO o.a.j.t.JMeterThread: Thread started: JMeter Users 1-115
2026-04-08 23:28:43,368 INFO o.a.j.t.JMeterThread: Thread started: JMeter Users 1-116
2026-04-08 23:28:43,569 INFO o.a.j.t.JMeterThread: Thread started: JMeter Users 1-117
2026-04-08 23:28:43,769 INFO o.a.j.t.JMeterThread: Thread started: JMeter Users 1-118
2026-04-08 23:28:43,969 INFO o.a.j.t.JMeterThread: Thread started: JMeter Users 1-119
2026-04-08 23:28:44,169 INFO o.a.j.t.JMeterThread: Thread started: JMeter Users 1-120
2026-04-08 23:28:44,368 INFO o.a.j.t.JMeterThread: Thread started: JMeter Users 1-121
2026-04-08 23:28:44,568 INFO o.a.j.t.JMeterThread: Thread started: JMeter Users 1-122
2026-04-08 23:28:44,768 INFO o.a.j.t.JMeterThread: Thread started: JMeter Users 1-123
2026-04-08 23:28:44,968 INFO o.a.j.t.JMeterThread: Thread started: JMeter Users 1-124
2026-04-08 23:28:45,169 INFO o.a.j.t.JMeterThread: Thread started: JMeter Users 1-125
2026-04-08 23:28:45,369 INFO o.a.j.t.JMeterThread: Thread started: JMeter Users 1-126
2026-04-08 23:28:45,568 INFO o.a.j.t.JMeterThread: Thread started: JMeter Users 1-127
2026-04-08 23:28:45,768 INFO o.a.j.t.JMeterThread: Thread started: JMeter Users 1-128
2026-04-08 23:28:45,968 INFO o.a.j.t.JMeterThread: Thread started: JMeter Users 1-129
2026-04-08 23:28:46,168 INFO o.a.j.t.JMeterThread: Thread started: JMeter Users 1-130
2026-04-08 23:28:46,373 INFO o.a.j.t.JMeterThread: Thread started: JMeter Users 1-131
2026-04-08 23:28:46,569 INFO o.a.j.t.JMeterThread: Thread started: JMeter Users 1-132
2026-04-08 23:28:46,769 INFO o.a.j.t.JMeterThread: Thread started: JMeter Users 1-133
2026-04-08 23:28:46,968 INFO o.a.j.t.JMeterThread: Thread started: JMeter Users 1-134
2026-04-08 23:28:47,168 INFO o.a.j.t.JMeterThread: Thread started: JMeter Users 1-135
2026-04-08 23:28:47,368 INFO o.a.j.t.JMeterThread: Thread started: JMeter Users 1-136
2026-04-08 23:28:47,568 INFO o.a.j.t.JMeterThread: Thread started: JMeter Users 1-137
2026-04-08 23:28:47,769 INFO o.a.j.t.JMeterThread: Thread started: JMeter Users 1-138
2026-04-08 23:28:47,969 INFO o.a.j.t.JMeterThread: Thread started: JMeter Users 1-139
2026-04-08 23:28:48,169 INFO o.a.j.t.JMeterThread: Thread started: JMeter Users 1-140
2026-04-08 23:28:48,370 INFO o.a.j.t.JMeterThread: Thread started: JMeter Users 1-141
2026-04-08 23:28:48,568 INFO o.a.j.t.JMeterThread: Thread started: JMeter Users 1-142
2026-04-08 23:28:48,768 INFO o.a.j.t.JMeterThread: Thread started: JMeter Users 1-143
2026-04-08 23:28:48,968 INFO o.a.j.t.JMeterThread: Thread started: JMeter Users 1-144
2026-04-08 23:28:49,168 INFO o.a.j.t.JMeterThread: Thread started: JMeter Users 1-145
2026-04-08 23:28:49,370 INFO o.a.j.t.JMeterThread: Thread started: JMeter Users 1-146
2026-04-08 23:28:49,569 INFO o.a.j.t.JMeterThread: Thread started: JMeter Users 1-147
2026-04-08 23:28:49,769 INFO o.a.j.t.JMeterThread: Thread started: JMeter Users 1-148
2026-04-08 23:28:49,968 INFO o.a.j.t.JMeterThread: Thread started: JMeter Users 1-149
2026-04-08 23:28:50,169 INFO o.a.j.t.JMeterThread: Thread started: JMeter Users 1-150
2026-04-08 23:28:50,369 INFO o.a.j.t.JMeterThread: Thread started: JMeter Users 1-151
2026-04-08 23:28:50,569 INFO o.a.j.t.JMeterThread: Thread started: JMeter Users 1-152
2026-04-08 23:28:50,769 INFO o.a.j.t.JMeterThread: Thread started: JMeter Users 1-153
2026-04-08 23:28:50,969 INFO o.a.j.t.JMeterThread: Thread started: JMeter Users 1-154
2026-04-08 23:28:51,169 INFO o.a.j.t.JMeterThread: Thread started: JMeter Users 1-155
2026-04-08 23:28:51,369 INFO o.a.j.t.JMeterThread: Thread started: JMeter Users 1-156
2026-04-08 23:28:51,569 INFO o.a.j.t.JMeterThread: Thread started: JMeter Users 1-157
2026-04-08 23:28:51,768 INFO o.a.j.t.JMeterThread: Thread started: JMeter Users 1-158
2026-04-08 23:28:51,968 INFO o.a.j.t.JMeterThread: Thread started: JMeter Users 1-159
2026-04-08 23:28:52,168 INFO o.a.j.t.JMeterThread: Thread started: JMeter Users 1-160
2026-04-08 23:28:52,368 INFO o.a.j.t.JMeterThread: Thread started: JMeter Users 1-161
2026-04-08 23:28:52,569 INFO o.a.j.t.JMeterThread: Thread started: JMeter Users 1-162
2026-04-08 23:28:52,769 INFO o.a.j.t.JMeterThread: Thread started: JMeter Users 1-163
2026-04-08 23:28:52,968 INFO o.a.j.t.JMeterThread: Thread started: JMeter Users 1-164
2026-04-08 23:28:53,168 INFO o.a.j.t.JMeterThread: Thread started: JMeter Users 1-165
2026-04-08 23:28:53,368 INFO o.a.j.t.JMeterThread: Thread started: JMeter Users 1-166
2026-04-08 23:28:53,568 INFO o.a.j.t.JMeterThread: Thread started: JMeter Users 1-167
2026-04-08 23:28:53,774 INFO o.a.j.t.JMeterThread: Thread started: JMeter Users 1-168
2026-04-08 23:28:53,969 INFO o.a.j.t.JMeterThread: Thread started: JMeter Users 1-169
2026-04-08 23:28:54,169 INFO o.a.j.t.JMeterThread: Thread started: JMeter Users 1-170
2026-04-08 23:28:54,370 INFO o.a.j.t.JMeterThread: Thread started: JMeter Users 1-171
2026-04-08 23:28:54,568 INFO o.a.j.t.JMeterThread: Thread started: JMeter Users 1-172
2026-04-08 23:28:54,769 INFO o.a.j.t.JMeterThread: Thread started: JMeter Users 1-173
2026-04-08 23:28:54,968 INFO o.a.j.t.JMeterThread: Thread started: JMeter Users 1-174
2026-04-08 23:28:55,169 INFO o.a.j.t.JMeterThread: Thread started: JMeter Users 1-175
2026-04-08 23:28:55,368 INFO o.a.j.t.JMeterThread: Thread started: JMeter Users 1-176
2026-04-08 23:28:55,568 INFO o.a.j.t.JMeterThread: Thread started: JMeter Users 1-177
2026-04-08 23:28:55,769 INFO o.a.j.t.JMeterThread: Thread started: JMeter Users 1-178
2026-04-08 23:28:55,969 INFO o.a.j.t.JMeterThread: Thread started: JMeter Users 1-179
2026-04-08 23:28:56,168 INFO o.a.j.t.JMeterThread: Thread started: JMeter Users 1-180
2026-04-08 23:28:56,369 INFO o.a.j.t.JMeterThread: Thread started: JMeter Users 1-181
2026-04-08 23:28:56,568 INFO o.a.j.t.JMeterThread: Thread started: JMeter Users 1-182
2026-04-08 23:28:56,768 INFO o.a.j.t.JMeterThread: Thread started: JMeter Users 1-183
2026-04-08 23:28:56,968 INFO o.a.j.t.JMeterThread: Thread started: JMeter Users 1-184
2026-04-08 23:28:57,169 INFO o.a.j.t.JMeterThread: Thread started: JMeter Users 1-185
2026-04-08 23:28:57,369 INFO o.a.j.t.JMeterThread: Thread started: JMeter Users 1-186
2026-04-08 23:28:57,568 INFO o.a.j.t.JMeterThread: Thread started: JMeter Users 1-187
2026-04-08 23:28:57,768 INFO o.a.j.t.JMeterThread: Thread started: JMeter Users 1-188
2026-04-08 23:28:57,968 INFO o.a.j.t.JMeterThread: Thread started: JMeter Users 1-189
2026-04-08 23:28:58,168 INFO o.a.j.t.JMeterThread: Thread started: JMeter Users 1-190
2026-04-08 23:28:58,368 INFO o.a.j.t.JMeterThread: Thread started: JMeter Users 1-191
2026-04-08 23:28:58,568 INFO o.a.j.t.JMeterThread: Thread started: JMeter Users 1-192
2026-04-08 23:28:58,769 INFO o.a.j.t.JMeterThread: Thread started: JMeter Users 1-193
2026-04-08 23:28:58,969 INFO o.a.j.t.JMeterThread: Thread started: JMeter Users 1-194
2026-04-08 23:28:59,168 INFO o.a.j.t.JMeterThread: Thread started: JMeter Users 1-195
2026-04-08 23:28:59,368 INFO o.a.j.t.JMeterThread: Thread started: JMeter Users 1-196
2026-04-08 23:28:59,568 INFO o.a.j.t.JMeterThread: Thread started: JMeter Users 1-197
2026-04-08 23:28:59,768 INFO o.a.j.t.JMeterThread: Thread started: JMeter Users 1-198
2026-04-08 23:28:59,968 INFO o.a.j.t.JMeterThread: Thread started: JMeter Users 1-199
2026-04-08 23:29:00,000 INFO o.a.j.r.Summariser: summary + 409556 in 00:00:30 = 13651.9/s Avg:     8 Min:     0 Max:  5017 Err: 405342 (98.97%) Active: 199 Started: 199 Finished: 0
2026-04-08 23:29:00,000 INFO o.a.j.r.Summariser: summary = 411039 in 00:00:40 = 10361.5/s Avg:     9 Min:     0 Max:  5017 Err: 405342 (98.61%)
2026-04-08 23:29:00,169 INFO o.a.j.t.JMeterThread: Thread started: JMeter Users 1-200
2026-04-08 23:29:00,369 INFO o.a.j.t.JMeterThread: Thread started: JMeter Users 1-201
2026-04-08 23:29:00,568 INFO o.a.j.t.JMeterThread: Thread started: JMeter Users 1-202
2026-04-08 23:29:00,768 INFO o.a.j.t.JMeterThread: Thread started: JMeter Users 1-203
2026-04-08 23:29:00,968 INFO o.a.j.t.JMeterThread: Thread started: JMeter Users 1-204
2026-04-08 23:29:01,168 INFO o.a.j.t.JMeterThread: Thread started: JMeter Users 1-205
2026-04-08 23:29:01,368 INFO o.a.j.t.JMeterThread: Thread started: JMeter Users 1-206
2026-04-08 23:29:01,568 INFO o.a.j.t.JMeterThread: Thread started: JMeter Users 1-207
2026-04-08 23:29:01,769 INFO o.a.j.t.JMeterThread: Thread started: JMeter Users 1-208
2026-04-08 23:29:01,969 INFO o.a.j.t.JMeterThread: Thread started: JMeter Users 1-209
2026-04-08 23:29:02,169 INFO o.a.j.t.JMeterThread: Thread started: JMeter Users 1-210
2026-04-08 23:29:02,369 INFO o.a.j.t.JMeterThread: Thread started: JMeter Users 1-211
2026-04-08 23:29:02,568 INFO o.a.j.t.JMeterThread: Thread started: JMeter Users 1-212
2026-04-08 23:29:02,768 INFO o.a.j.t.JMeterThread: Thread started: JMeter Users 1-213
2026-04-08 23:29:02,968 INFO o.a.j.t.JMeterThread: Thread started: JMeter Users 1-214
2026-04-08 23:29:03,168 INFO o.a.j.t.JMeterThread: Thread started: JMeter Users 1-215
2026-04-08 23:29:03,369 INFO o.a.j.t.JMeterThread: Thread started: JMeter Users 1-216
2026-04-08 23:29:03,569 INFO o.a.j.t.JMeterThread: Thread started: JMeter Users 1-217
2026-04-08 23:29:03,769 INFO o.a.j.t.JMeterThread: Thread started: JMeter Users 1-218
2026-04-08 23:29:03,968 INFO o.a.j.t.JMeterThread: Thread started: JMeter Users 1-219
2026-04-08 23:29:04,168 INFO o.a.j.t.JMeterThread: Thread started: JMeter Users 1-220
2026-04-08 23:29:04,368 INFO o.a.j.t.JMeterThread: Thread started: JMeter Users 1-221
2026-04-08 23:29:04,568 INFO o.a.j.t.JMeterThread: Thread started: JMeter Users 1-222
2026-04-08 23:29:04,771 INFO o.a.j.t.JMeterThread: Thread started: JMeter Users 1-223
2026-04-08 23:29:04,969 INFO o.a.j.t.JMeterThread: Thread started: JMeter Users 1-224
2026-04-08 23:29:05,169 INFO o.a.j.t.JMeterThread: Thread started: JMeter Users 1-225
2026-04-08 23:29:05,368 INFO o.a.j.t.JMeterThread: Thread started: JMeter Users 1-226
2026-04-08 23:29:05,568 INFO o.a.j.t.JMeterThread: Thread started: JMeter Users 1-227
2026-04-08 23:29:05,768 INFO o.a.j.t.JMeterThread: Thread started: JMeter Users 1-228
2026-04-08 23:29:05,968 INFO o.a.j.t.JMeterThread: Thread started: JMeter Users 1-229
2026-04-08 23:29:06,169 INFO o.a.j.t.JMeterThread: Thread started: JMeter Users 1-230
2026-04-08 23:29:06,369 INFO o.a.j.t.JMeterThread: Thread started: JMeter Users 1-231
2026-04-08 23:29:06,568 INFO o.a.j.t.JMeterThread: Thread started: JMeter Users 1-232
2026-04-08 23:29:06,768 INFO o.a.j.t.JMeterThread: Thread started: JMeter Users 1-233
2026-04-08 23:29:06,968 INFO o.a.j.t.JMeterThread: Thread started: JMeter Users 1-234
2026-04-08 23:29:07,168 INFO o.a.j.t.JMeterThread: Thread started: JMeter Users 1-235
2026-04-08 23:29:07,368 INFO o.a.j.t.JMeterThread: Thread started: JMeter Users 1-236
2026-04-08 23:29:07,568 INFO o.a.j.t.JMeterThread: Thread started: JMeter Users 1-237
2026-04-08 23:29:07,770 INFO o.a.j.t.JMeterThread: Thread started: JMeter Users 1-238
2026-04-08 23:29:07,969 INFO o.a.j.t.JMeterThread: Thread started: JMeter Users 1-239
2026-04-08 23:29:08,168 INFO o.a.j.t.JMeterThread: Thread started: JMeter Users 1-240
2026-04-08 23:29:08,368 INFO o.a.j.t.JMeterThread: Thread started: JMeter Users 1-241
2026-04-08 23:29:08,568 INFO o.a.j.t.JMeterThread: Thread started: JMeter Users 1-242
2026-04-08 23:29:08,769 INFO o.a.j.t.JMeterThread: Thread started: JMeter Users 1-243
2026-04-08 23:29:08,969 INFO o.a.j.t.JMeterThread: Thread started: JMeter Users 1-244
2026-04-08 23:29:09,168 INFO o.a.j.t.JMeterThread: Thread started: JMeter Users 1-245
2026-04-08 23:29:09,368 INFO o.a.j.t.JMeterThread: Thread started: JMeter Users 1-246
2026-04-08 23:29:09,579 INFO o.a.j.t.JMeterThread: Thread started: JMeter Users 1-247
2026-04-08 23:29:09,768 INFO o.a.j.t.JMeterThread: Thread started: JMeter Users 1-248
2026-04-08 23:29:09,969 INFO o.a.j.t.JMeterThread: Thread started: JMeter Users 1-249
2026-04-08 23:29:10,169 INFO o.a.j.t.JMeterThread: Thread started: JMeter Users 1-250
2026-04-08 23:29:10,369 INFO o.a.j.t.JMeterThread: Thread started: JMeter Users 1-251
2026-04-08 23:29:10,568 INFO o.a.j.t.JMeterThread: Thread started: JMeter Users 1-252
2026-04-08 23:29:10,768 INFO o.a.j.t.JMeterThread: Thread started: JMeter Users 1-253
2026-04-08 23:29:10,968 INFO o.a.j.t.JMeterThread: Thread started: JMeter Users 1-254
2026-04-08 23:29:11,168 INFO o.a.j.t.JMeterThread: Thread started: JMeter Users 1-255
2026-04-08 23:29:11,369 INFO o.a.j.t.JMeterThread: Thread started: JMeter Users 1-256
2026-04-08 23:29:11,570 INFO o.a.j.t.JMeterThread: Thread started: JMeter Users 1-257
2026-04-08 23:29:11,768 INFO o.a.j.t.JMeterThread: Thread started: JMeter Users 1-258
2026-04-08 23:29:11,969 INFO o.a.j.t.JMeterThread: Thread started: JMeter Users 1-259
2026-04-08 23:29:12,168 INFO o.a.j.t.JMeterThread: Thread started: JMeter Users 1-260
2026-04-08 23:29:12,369 INFO o.a.j.t.JMeterThread: Thread started: JMeter Users 1-261
2026-04-08 23:29:12,569 INFO o.a.j.t.JMeterThread: Thread started: JMeter Users 1-262
2026-04-08 23:29:12,768 INFO o.a.j.t.JMeterThread: Thread started: JMeter Users 1-263
2026-04-08 23:29:12,968 INFO o.a.j.t.JMeterThread: Thread started: JMeter Users 1-264
2026-04-08 23:29:13,168 INFO o.a.j.t.JMeterThread: Thread started: JMeter Users 1-265
2026-04-08 23:29:13,368 INFO o.a.j.t.JMeterThread: Thread started: JMeter Users 1-266
2026-04-08 23:29:13,568 INFO o.a.j.t.JMeterThread: Thread started: JMeter Users 1-267
2026-04-08 23:29:13,768 INFO o.a.j.t.JMeterThread: Thread started: JMeter Users 1-268
2026-04-08 23:29:13,969 INFO o.a.j.t.JMeterThread: Thread started: JMeter Users 1-269
2026-04-08 23:29:14,169 INFO o.a.j.t.JMeterThread: Thread started: JMeter Users 1-270
2026-04-08 23:29:14,368 INFO o.a.j.t.JMeterThread: Thread started: JMeter Users 1-271
2026-04-08 23:29:14,568 INFO o.a.j.t.JMeterThread: Thread started: JMeter Users 1-272
2026-04-08 23:29:14,769 INFO o.a.j.t.JMeterThread: Thread started: JMeter Users 1-273
2026-04-08 23:29:14,969 INFO o.a.j.t.JMeterThread: Thread started: JMeter Users 1-274
2026-04-08 23:29:15,168 INFO o.a.j.t.JMeterThread: Thread started: JMeter Users 1-275
2026-04-08 23:29:15,368 INFO o.a.j.t.JMeterThread: Thread started: JMeter Users 1-276
2026-04-08 23:29:15,569 INFO o.a.j.t.JMeterThread: Thread started: JMeter Users 1-277
2026-04-08 23:29:15,769 INFO o.a.j.t.JMeterThread: Thread started: JMeter Users 1-278
2026-04-08 23:29:15,968 INFO o.a.j.t.JMeterThread: Thread started: JMeter Users 1-279
2026-04-08 23:29:16,169 INFO o.a.j.t.JMeterThread: Thread started: JMeter Users 1-280
2026-04-08 23:29:16,368 INFO o.a.j.t.JMeterThread: Thread started: JMeter Users 1-281
2026-04-08 23:29:16,568 INFO o.a.j.t.JMeterThread: Thread started: JMeter Users 1-282
2026-04-08 23:29:16,768 INFO o.a.j.t.JMeterThread: Thread started: JMeter Users 1-283
2026-04-08 23:29:16,968 INFO o.a.j.t.JMeterThread: Thread started: JMeter Users 1-284
2026-04-08 23:29:17,172 INFO o.a.j.t.JMeterThread: Thread started: JMeter Users 1-285
2026-04-08 23:29:17,369 INFO o.a.j.t.JMeterThread: Thread started: JMeter Users 1-286
2026-04-08 23:29:17,569 INFO o.a.j.t.JMeterThread: Thread started: JMeter Users 1-287
2026-04-08 23:29:17,770 INFO o.a.j.t.JMeterThread: Thread started: JMeter Users 1-288
2026-04-08 23:29:17,968 INFO o.a.j.t.JMeterThread: Thread started: JMeter Users 1-289
2026-04-08 23:29:18,173 INFO o.a.j.t.JMeterThread: Thread started: JMeter Users 1-290
2026-04-08 23:29:18,374 INFO o.a.j.t.JMeterThread: Thread started: JMeter Users 1-291
2026-04-08 23:29:18,569 INFO o.a.j.t.JMeterThread: Thread started: JMeter Users 1-292
2026-04-08 23:29:18,768 INFO o.a.j.t.JMeterThread: Thread started: JMeter Users 1-293
2026-04-08 23:29:18,968 INFO o.a.j.t.JMeterThread: Thread started: JMeter Users 1-294
2026-04-08 23:29:19,168 INFO o.a.j.t.JMeterThread: Thread started: JMeter Users 1-295
2026-04-08 23:29:19,368 INFO o.a.j.t.JMeterThread: Thread started: JMeter Users 1-296
2026-04-08 23:29:19,569 INFO o.a.j.t.JMeterThread: Thread started: JMeter Users 1-297
2026-04-08 23:29:19,768 INFO o.a.j.t.JMeterThread: Thread started: JMeter Users 1-298
2026-04-08 23:29:19,968 INFO o.a.j.t.JMeterThread: Thread started: JMeter Users 1-299
2026-04-08 23:29:20,168 INFO o.a.j.t.JMeterThread: Thread started: JMeter Users 1-300
2026-04-08 23:29:30,000 INFO o.a.j.r.Summariser: summary + 691109 in 00:00:30 = 23037.0/s Avg:    11 Min:     0 Max:  5009 Err: 687530 (99.48%) Active: 300 Started: 300 Finished: 0
2026-04-08 23:29:30,000 INFO o.a.j.r.Summariser: summary = 1102148 in 00:01:10 = 15819.5/s Avg:    10 Min:     0 Max:  5017 Err: 1092872 (99.16%)
2026-04-08 23:30:00,000 INFO o.a.j.r.Summariser: summary + 758893 in 00:00:30 = 25296.4/s Avg:    11 Min:     0 Max:  6020 Err: 754706 (99.45%) Active: 300 Started: 300 Finished: 0
2026-04-08 23:30:00,000 INFO o.a.j.r.Summariser: summary = 1861041 in 00:01:40 = 18672.0/s Avg:    11 Min:     0 Max:  6020 Err: 1847578 (99.28%)
2026-04-08 23:30:20,369 INFO o.a.j.t.JMeterThread: Stopping because end time detected by thread: JMeter Users 1-1
2026-04-08 23:30:20,370 INFO o.a.j.t.JMeterThread: Thread finished: JMeter Users 1-1
2026-04-08 23:30:20,374 INFO o.a.j.t.JMeterThread: Stopping because end time detected by thread: JMeter Users 1-4
2026-04-08 23:30:20,374 INFO o.a.j.t.JMeterThread: Thread finished: JMeter Users 1-4
2026-04-08 23:30:20,375 INFO o.a.j.t.JMeterThread: Stopping because end time detected by thread: JMeter Users 1-3
2026-04-08 23:30:20,375 INFO o.a.j.t.JMeterThread: Thread finished: JMeter Users 1-3
2026-04-08 23:30:20,382 INFO o.a.j.t.JMeterThread: Stopping because end time detected by thread: JMeter Users 1-30
2026-04-08 23:30:20,382 INFO o.a.j.t.JMeterThread: Thread finished: JMeter Users 1-30
2026-04-08 23:30:20,382 INFO o.a.j.t.JMeterThread: Stopping because end time detected by thread: JMeter Users 1-23
2026-04-08 23:30:20,382 INFO o.a.j.t.JMeterThread: Thread finished: JMeter Users 1-23
2026-04-08 23:30:20,382 INFO o.a.j.t.JMeterThread: Stopping because end time detected by thread: JMeter Users 1-22
2026-04-08 23:30:20,382 INFO o.a.j.t.JMeterThread: Thread finished: JMeter Users 1-22
2026-04-08 23:30:20,397 INFO o.a.j.t.JMeterThread: Stopping because end time detected by thread: JMeter Users 1-40
2026-04-08 23:30:20,397 INFO o.a.j.t.JMeterThread: Thread finished: JMeter Users 1-40
2026-04-08 23:30:20,398 INFO o.a.j.t.JMeterThread: Stopping because end time detected by thread: JMeter Users 1-74
2026-04-08 23:30:20,398 INFO o.a.j.t.JMeterThread: Thread finished: JMeter Users 1-74
2026-04-08 23:30:20,398 INFO o.a.j.t.JMeterThread: Stopping because end time detected by thread: JMeter Users 1-55
2026-04-08 23:30:20,398 INFO o.a.j.t.JMeterThread: Thread finished: JMeter Users 1-55
2026-04-08 23:30:20,398 INFO o.a.j.t.JMeterThread: Stopping because end time detected by thread: JMeter Users 1-130
2026-04-08 23:30:20,398 INFO o.a.j.t.JMeterThread: Thread finished: JMeter Users 1-130
2026-04-08 23:30:20,398 INFO o.a.j.t.JMeterThread: Stopping because end time detected by thread: JMeter Users 1-71
2026-04-08 23:30:20,398 INFO o.a.j.t.JMeterThread: Thread finished: JMeter Users 1-71
2026-04-08 23:30:20,399 INFO o.a.j.t.JMeterThread: Stopping because end time detected by thread: JMeter Users 1-102
2026-04-08 23:30:20,399 INFO o.a.j.t.JMeterThread: Thread finished: JMeter Users 1-102
2026-04-08 23:30:20,399 INFO o.a.j.t.JMeterThread: Stopping because end time detected by thread: JMeter Users 1-81
2026-04-08 23:30:20,399 INFO o.a.j.t.JMeterThread: Thread finished: JMeter Users 1-81
2026-04-08 23:30:20,399 INFO o.a.j.t.JMeterThread: Stopping because end time detected by thread: JMeter Users 1-135
2026-04-08 23:30:20,399 INFO o.a.j.t.JMeterThread: Thread finished: JMeter Users 1-135
2026-04-08 23:30:20,399 INFO o.a.j.t.JMeterThread: Stopping because end time detected by thread: JMeter Users 1-123
2026-04-08 23:30:20,399 INFO o.a.j.t.JMeterThread: Thread finished: JMeter Users 1-123
2026-04-08 23:30:20,399 INFO o.a.j.t.JMeterThread: Stopping because end time detected by thread: JMeter Users 1-95
2026-04-08 23:30:20,399 INFO o.a.j.t.JMeterThread: Thread finished: JMeter Users 1-95
2026-04-08 23:30:20,399 INFO o.a.j.t.JMeterThread: Stopping because end time detected by thread: JMeter Users 1-111
2026-04-08 23:30:20,399 INFO o.a.j.t.JMeterThread: Thread finished: JMeter Users 1-111
2026-04-08 23:30:20,399 INFO o.a.j.t.JMeterThread: Stopping because end time detected by thread: JMeter Users 1-116
2026-04-08 23:30:20,399 INFO o.a.j.t.JMeterThread: Stopping because end time detected by thread: JMeter Users 1-76
2026-04-08 23:30:20,399 INFO o.a.j.t.JMeterThread: Thread finished: JMeter Users 1-116
2026-04-08 23:30:20,399 INFO o.a.j.t.JMeterThread: Thread finished: JMeter Users 1-76
2026-04-08 23:30:20,399 INFO o.a.j.t.JMeterThread: Stopping because end time detected by thread: JMeter Users 1-73
2026-04-08 23:30:20,399 INFO o.a.j.t.JMeterThread: Stopping because end time detected by thread: JMeter Users 1-115
2026-04-08 23:30:20,399 INFO o.a.j.t.JMeterThread: Thread finished: JMeter Users 1-73
2026-04-08 23:30:20,399 INFO o.a.j.t.JMeterThread: Stopping because end time detected by thread: JMeter Users 1-84
2026-04-08 23:30:20,400 INFO o.a.j.t.JMeterThread: Thread finished: JMeter Users 1-115
2026-04-08 23:30:20,400 INFO o.a.j.t.JMeterThread: Stopping because end time detected by thread: JMeter Users 1-117
2026-04-08 23:30:20,400 INFO o.a.j.t.JMeterThread: Thread finished: JMeter Users 1-84
2026-04-08 23:30:20,400 INFO o.a.j.t.JMeterThread: Thread finished: JMeter Users 1-117
2026-04-08 23:30:20,400 INFO o.a.j.t.JMeterThread: Stopping because end time detected by thread: JMeter Users 1-105
2026-04-08 23:30:20,400 INFO o.a.j.t.JMeterThread: Thread finished: JMeter Users 1-105
2026-04-08 23:30:20,400 INFO o.a.j.t.JMeterThread: Stopping because end time detected by thread: JMeter Users 1-86
2026-04-08 23:30:20,400 INFO o.a.j.t.JMeterThread: Thread finished: JMeter Users 1-86
2026-04-08 23:30:20,401 INFO o.a.j.t.JMeterThread: Stopping because end time detected by thread: JMeter Users 1-140
2026-04-08 23:30:20,401 INFO o.a.j.t.JMeterThread: Thread finished: JMeter Users 1-140
2026-04-08 23:30:20,401 INFO o.a.j.t.JMeterThread: Stopping because end time detected by thread: JMeter Users 1-138
2026-04-08 23:30:20,401 INFO o.a.j.t.JMeterThread: Thread finished: JMeter Users 1-138
2026-04-08 23:30:20,401 INFO o.a.j.t.JMeterThread: Stopping because end time detected by thread: JMeter Users 1-147
2026-04-08 23:30:20,401 INFO o.a.j.t.JMeterThread: Thread finished: JMeter Users 1-147
2026-04-08 23:30:20,403 INFO o.a.j.t.JMeterThread: Stopping because end time detected by thread: JMeter Users 1-162
2026-04-08 23:30:20,403 INFO o.a.j.t.JMeterThread: Thread finished: JMeter Users 1-162
2026-04-08 23:30:20,404 INFO o.a.j.t.JMeterThread: Stopping because end time detected by thread: JMeter Users 1-155
2026-04-08 23:30:20,404 INFO o.a.j.t.JMeterThread: Thread finished: JMeter Users 1-155
2026-04-08 23:30:20,404 INFO o.a.j.t.JMeterThread: Stopping because end time detected by thread: JMeter Users 1-171
2026-04-08 23:30:20,404 INFO o.a.j.t.JMeterThread: Thread finished: JMeter Users 1-171
2026-04-08 23:30:20,404 INFO o.a.j.t.JMeterThread: Stopping because end time detected by thread: JMeter Users 1-168
2026-04-08 23:30:20,404 INFO o.a.j.t.JMeterThread: Thread finished: JMeter Users 1-168
2026-04-08 23:30:20,405 INFO o.a.j.t.JMeterThread: Stopping because end time detected by thread: JMeter Users 1-167
2026-04-08 23:30:20,405 INFO o.a.j.t.JMeterThread: Thread finished: JMeter Users 1-167
2026-04-08 23:30:20,406 INFO o.a.j.t.JMeterThread: Stopping because end time detected by thread: JMeter Users 1-182
2026-04-08 23:30:20,406 INFO o.a.j.t.JMeterThread: Thread finished: JMeter Users 1-182
2026-04-08 23:30:20,407 INFO o.a.j.t.JMeterThread: Stopping because end time detected by thread: JMeter Users 1-189
2026-04-08 23:30:20,407 INFO o.a.j.t.JMeterThread: Thread finished: JMeter Users 1-189
2026-04-08 23:30:20,407 INFO o.a.j.t.JMeterThread: Stopping because end time detected by thread: JMeter Users 1-191
2026-04-08 23:30:20,407 INFO o.a.j.t.JMeterThread: Thread finished: JMeter Users 1-191
2026-04-08 23:30:20,408 INFO o.a.j.t.JMeterThread: Stopping because end time detected by thread: JMeter Users 1-201
2026-04-08 23:30:20,408 INFO o.a.j.t.JMeterThread: Thread finished: JMeter Users 1-201
2026-04-08 23:30:20,408 INFO o.a.j.t.JMeterThread: Stopping because end time detected by thread: JMeter Users 1-196
2026-04-08 23:30:20,408 INFO o.a.j.t.JMeterThread: Thread finished: JMeter Users 1-196
2026-04-08 23:30:20,408 INFO o.a.j.t.JMeterThread: Stopping because end time detected by thread: JMeter Users 1-197
2026-04-08 23:30:20,409 INFO o.a.j.t.JMeterThread: Thread finished: JMeter Users 1-197
2026-04-08 23:30:20,409 INFO o.a.j.t.JMeterThread: Stopping because end time detected by thread: JMeter Users 1-205
2026-04-08 23:30:20,409 INFO o.a.j.t.JMeterThread: Thread finished: JMeter Users 1-205
2026-04-08 23:30:20,409 INFO o.a.j.t.JMeterThread: Stopping because end time detected by thread: JMeter Users 1-210
2026-04-08 23:30:20,409 INFO o.a.j.t.JMeterThread: Thread finished: JMeter Users 1-210
2026-04-08 23:30:20,410 INFO o.a.j.t.JMeterThread: Stopping because end time detected by thread: JMeter Users 1-214
2026-04-08 23:30:20,410 INFO o.a.j.t.JMeterThread: Thread finished: JMeter Users 1-214
2026-04-08 23:30:20,410 INFO o.a.j.t.JMeterThread: Stopping because end time detected by thread: JMeter Users 1-212
2026-04-08 23:30:20,410 INFO o.a.j.t.JMeterThread: Thread finished: JMeter Users 1-212
2026-04-08 23:30:20,411 INFO o.a.j.t.JMeterThread: Stopping because end time detected by thread: JMeter Users 1-221
2026-04-08 23:30:20,411 INFO o.a.j.t.JMeterThread: Thread finished: JMeter Users 1-221
2026-04-08 23:30:20,412 INFO o.a.j.t.JMeterThread: Stopping because end time detected by thread: JMeter Users 1-228
2026-04-08 23:30:20,412 INFO o.a.j.t.JMeterThread: Thread finished: JMeter Users 1-228
2026-04-08 23:30:20,413 INFO o.a.j.t.JMeterThread: Stopping because end time detected by thread: JMeter Users 1-236
2026-04-08 23:30:20,413 INFO o.a.j.t.JMeterThread: Thread finished: JMeter Users 1-236
2026-04-08 23:30:20,413 INFO o.a.j.t.JMeterThread: Stopping because end time detected by thread: JMeter Users 1-238
2026-04-08 23:30:20,413 INFO o.a.j.t.JMeterThread: Thread finished: JMeter Users 1-238
2026-04-08 23:30:20,415 INFO o.a.j.t.JMeterThread: Stopping because end time detected by thread: JMeter Users 1-246
2026-04-08 23:30:20,415 INFO o.a.j.t.JMeterThread: Thread finished: JMeter Users 1-246
2026-04-08 23:30:20,416 INFO o.a.j.t.JMeterThread: Stopping because end time detected by thread: JMeter Users 1-252
2026-04-08 23:30:20,416 INFO o.a.j.t.JMeterThread: Thread finished: JMeter Users 1-252
2026-04-08 23:30:20,418 INFO o.a.j.t.JMeterThread: Stopping because end time detected by thread: JMeter Users 1-265
2026-04-08 23:30:20,418 INFO o.a.j.t.JMeterThread: Stopping because end time detected by thread: JMeter Users 1-267
2026-04-08 23:30:20,418 INFO o.a.j.t.JMeterThread: Thread finished: JMeter Users 1-265
2026-04-08 23:30:20,418 INFO o.a.j.t.JMeterThread: Thread finished: JMeter Users 1-267
2026-04-08 23:30:20,419 INFO o.a.j.t.JMeterThread: Stopping because end time detected by thread: JMeter Users 1-271
2026-04-08 23:30:20,419 INFO o.a.j.t.JMeterThread: Thread finished: JMeter Users 1-271
2026-04-08 23:30:20,420 INFO o.a.j.t.JMeterThread: Stopping because end time detected by thread: JMeter Users 1-284
2026-04-08 23:30:20,420 INFO o.a.j.t.JMeterThread: Thread finished: JMeter Users 1-284
2026-04-08 23:30:20,420 INFO o.a.j.t.JMeterThread: Stopping because end time detected by thread: JMeter Users 1-279
2026-04-08 23:30:20,420 INFO o.a.j.t.JMeterThread: Thread finished: JMeter Users 1-279
2026-04-08 23:30:20,420 INFO o.a.j.t.JMeterThread: Stopping because end time detected by thread: JMeter Users 1-282
2026-04-08 23:30:20,420 INFO o.a.j.t.JMeterThread: Stopping because end time detected by thread: JMeter Users 1-283
2026-04-08 23:30:20,420 INFO o.a.j.t.JMeterThread: Thread finished: JMeter Users 1-282
2026-04-08 23:30:20,420 INFO o.a.j.t.JMeterThread: Thread finished: JMeter Users 1-283
2026-04-08 23:30:20,424 INFO o.a.j.t.JMeterThread: Stopping because end time detected by thread: JMeter Users 1-244
2026-04-08 23:30:20,424 INFO o.a.j.t.JMeterThread: Stopping because end time detected by thread: JMeter Users 1-69
2026-04-08 23:30:20,424 INFO o.a.j.t.JMeterThread: Thread finished: JMeter Users 1-244
2026-04-08 23:30:20,424 INFO o.a.j.t.JMeterThread: Stopping because end time detected by thread: JMeter Users 1-263
2026-04-08 23:30:20,424 INFO o.a.j.t.JMeterThread: Thread finished: JMeter Users 1-69
2026-04-08 23:30:20,424 INFO o.a.j.t.JMeterThread: Thread finished: JMeter Users 1-263
2026-04-08 23:30:20,429 INFO o.a.j.t.JMeterThread: Stopping because end time detected by thread: JMeter Users 1-226
2026-04-08 23:30:20,429 INFO o.a.j.t.JMeterThread: Thread finished: JMeter Users 1-226
2026-04-08 23:30:20,429 INFO o.a.j.t.JMeterThread: Stopping because end time detected by thread: JMeter Users 1-258
2026-04-08 23:30:20,429 INFO o.a.j.t.JMeterThread: Thread finished: JMeter Users 1-258
2026-04-08 23:30:20,437 INFO o.a.j.t.JMeterThread: Stopping because end time detected by thread: JMeter Users 1-145
2026-04-08 23:30:20,437 INFO o.a.j.t.JMeterThread: Thread finished: JMeter Users 1-145
2026-04-08 23:30:20,439 INFO o.a.j.t.JMeterThread: Stopping because end time detected by thread: JMeter Users 1-54
2026-04-08 23:30:20,439 INFO o.a.j.t.JMeterThread: Thread finished: JMeter Users 1-54
2026-04-08 23:30:20,441 INFO o.a.j.t.JMeterThread: Stopping because end time detected by thread: JMeter Users 1-299
2026-04-08 23:30:20,441 INFO o.a.j.t.JMeterThread: Thread finished: JMeter Users 1-299
2026-04-08 23:30:20,445 INFO o.a.j.t.JMeterThread: Stopping because end time detected by thread: JMeter Users 1-202
2026-04-08 23:30:20,445 INFO o.a.j.t.JMeterThread: Thread finished: JMeter Users 1-202
2026-04-08 23:30:20,454 INFO o.a.j.t.JMeterThread: Stopping because end time detected by thread: JMeter Users 1-94
2026-04-08 23:30:20,454 INFO o.a.j.t.JMeterThread: Thread finished: JMeter Users 1-94
2026-04-08 23:30:20,456 INFO o.a.j.t.JMeterThread: Stopping because end time detected by thread: JMeter Users 1-142
2026-04-08 23:30:20,456 INFO o.a.j.t.JMeterThread: Thread finished: JMeter Users 1-142
2026-04-08 23:30:20,456 INFO o.a.j.t.JMeterThread: Stopping because end time detected by thread: JMeter Users 1-134
2026-04-08 23:30:20,456 INFO o.a.j.t.JMeterThread: Thread finished: JMeter Users 1-134
2026-04-08 23:30:20,458 INFO o.a.j.t.JMeterThread: Stopping because end time detected by thread: JMeter Users 1-190
2026-04-08 23:30:20,458 INFO o.a.j.t.JMeterThread: Thread finished: JMeter Users 1-190
2026-04-08 23:30:20,462 INFO o.a.j.t.JMeterThread: Stopping because end time detected by thread: JMeter Users 1-151
2026-04-08 23:30:20,462 INFO o.a.j.t.JMeterThread: Thread finished: JMeter Users 1-151
2026-04-08 23:30:20,471 INFO o.a.j.t.JMeterThread: Stopping because end time detected by thread: JMeter Users 1-294
2026-04-08 23:30:20,471 INFO o.a.j.t.JMeterThread: Thread finished: JMeter Users 1-294
2026-04-08 23:30:20,476 INFO o.a.j.t.JMeterThread: Stopping because end time detected by thread: JMeter Users 1-100
2026-04-08 23:30:20,476 INFO o.a.j.t.JMeterThread: Thread finished: JMeter Users 1-100
2026-04-08 23:30:20,485 INFO o.a.j.t.JMeterThread: Stopping because end time detected by thread: JMeter Users 1-14
2026-04-08 23:30:20,485 INFO o.a.j.t.JMeterThread: Thread finished: JMeter Users 1-14
2026-04-08 23:30:20,493 INFO o.a.j.t.JMeterThread: Stopping because end time detected by thread: JMeter Users 1-249
2026-04-08 23:30:20,493 INFO o.a.j.t.JMeterThread: Thread finished: JMeter Users 1-249
2026-04-08 23:30:20,501 INFO o.a.j.t.JMeterThread: Stopping because end time detected by thread: JMeter Users 1-125
2026-04-08 23:30:20,501 INFO o.a.j.t.JMeterThread: Thread finished: JMeter Users 1-125
2026-04-08 23:30:20,510 INFO o.a.j.t.JMeterThread: Stopping because end time detected by thread: JMeter Users 1-96
2026-04-08 23:30:20,510 INFO o.a.j.t.JMeterThread: Thread finished: JMeter Users 1-96
2026-04-08 23:30:20,514 INFO o.a.j.t.JMeterThread: Stopping because end time detected by thread: JMeter Users 1-37
2026-04-08 23:30:20,514 INFO o.a.j.t.JMeterThread: Thread finished: JMeter Users 1-37
2026-04-08 23:30:20,518 INFO o.a.j.t.JMeterThread: Stopping because end time detected by thread: JMeter Users 1-268
2026-04-08 23:30:20,518 INFO o.a.j.t.JMeterThread: Thread finished: JMeter Users 1-268
2026-04-08 23:30:20,527 INFO o.a.j.t.JMeterThread: Stopping because end time detected by thread: JMeter Users 1-35
2026-04-08 23:30:20,527 INFO o.a.j.t.JMeterThread: Thread finished: JMeter Users 1-35
2026-04-08 23:30:20,535 INFO o.a.j.t.JMeterThread: Stopping because end time detected by thread: JMeter Users 1-108
2026-04-08 23:30:20,535 INFO o.a.j.t.JMeterThread: Thread finished: JMeter Users 1-108
2026-04-08 23:30:20,537 INFO o.a.j.t.JMeterThread: Stopping because end time detected by thread: JMeter Users 1-275
2026-04-08 23:30:20,537 INFO o.a.j.t.JMeterThread: Thread finished: JMeter Users 1-275
2026-04-08 23:30:20,537 INFO o.a.j.t.JMeterThread: Stopping because end time detected by thread: JMeter Users 1-38
2026-04-08 23:30:20,537 INFO o.a.j.t.JMeterThread: Thread finished: JMeter Users 1-38
2026-04-08 23:30:20,537 INFO o.a.j.t.JMeterThread: Stopping because end time detected by thread: JMeter Users 1-92
2026-04-08 23:30:20,537 INFO o.a.j.t.JMeterThread: Thread finished: JMeter Users 1-92
2026-04-08 23:30:20,537 INFO o.a.j.t.JMeterThread: Stopping because end time detected by thread: JMeter Users 1-18
2026-04-08 23:30:20,537 INFO o.a.j.t.JMeterThread: Thread finished: JMeter Users 1-18
2026-04-08 23:30:20,543 INFO o.a.j.t.JMeterThread: Stopping because end time detected by thread: JMeter Users 1-143
2026-04-08 23:30:20,543 INFO o.a.j.t.JMeterThread: Thread finished: JMeter Users 1-143
2026-04-08 23:30:20,552 INFO o.a.j.t.JMeterThread: Stopping because end time detected by thread: JMeter Users 1-195
2026-04-08 23:30:20,552 INFO o.a.j.t.JMeterThread: Thread finished: JMeter Users 1-195
2026-04-08 23:30:20,556 INFO o.a.j.t.JMeterThread: Stopping because end time detected by thread: JMeter Users 1-152
2026-04-08 23:30:20,556 INFO o.a.j.t.JMeterThread: Thread finished: JMeter Users 1-152
2026-04-08 23:30:20,556 INFO o.a.j.t.JMeterThread: Stopping because end time detected by thread: JMeter Users 1-177
2026-04-08 23:30:20,556 INFO o.a.j.t.JMeterThread: Thread finished: JMeter Users 1-177
2026-04-08 23:30:20,563 INFO o.a.j.t.JMeterThread: Stopping because end time detected by thread: JMeter Users 1-157
2026-04-08 23:30:20,563 INFO o.a.j.t.JMeterThread: Thread finished: JMeter Users 1-157
2026-04-08 23:30:20,574 INFO o.a.j.t.JMeterThread: Stopping because end time detected by thread: JMeter Users 1-139
2026-04-08 23:30:20,574 INFO o.a.j.t.JMeterThread: Thread finished: JMeter Users 1-139
2026-04-08 23:30:20,582 INFO o.a.j.t.JMeterThread: Stopping because end time detected by thread: JMeter Users 1-158
2026-04-08 23:30:20,582 INFO o.a.j.t.JMeterThread: Thread finished: JMeter Users 1-158
2026-04-08 23:30:20,583 INFO o.a.j.t.JMeterThread: Stopping because end time detected by thread: JMeter Users 1-198
2026-04-08 23:30:20,583 INFO o.a.j.t.JMeterThread: Thread finished: JMeter Users 1-198
2026-04-08 23:30:20,583 INFO o.a.j.t.JMeterThread: Stopping because end time detected by thread: JMeter Users 1-70
2026-04-08 23:30:20,583 INFO o.a.j.t.JMeterThread: Thread finished: JMeter Users 1-70
2026-04-08 23:30:20,583 INFO o.a.j.t.JMeterThread: Stopping because end time detected by thread: JMeter Users 1-254
2026-04-08 23:30:20,583 INFO o.a.j.t.JMeterThread: Thread finished: JMeter Users 1-254
2026-04-08 23:30:20,586 INFO o.a.j.t.JMeterThread: Stopping because end time detected by thread: JMeter Users 1-239
2026-04-08 23:30:20,586 INFO o.a.j.t.JMeterThread: Thread finished: JMeter Users 1-239
2026-04-08 23:30:20,589 INFO o.a.j.t.JMeterThread: Stopping because end time detected by thread: JMeter Users 1-58
2026-04-08 23:30:20,589 INFO o.a.j.t.JMeterThread: Thread finished: JMeter Users 1-58
2026-04-08 23:30:20,589 INFO o.a.j.t.JMeterThread: Stopping because end time detected by thread: JMeter Users 1-234
2026-04-08 23:30:20,589 INFO o.a.j.t.JMeterThread: Thread finished: JMeter Users 1-234
2026-04-08 23:30:20,589 INFO o.a.j.t.JMeterThread: Stopping because end time detected by thread: JMeter Users 1-235
2026-04-08 23:30:20,589 INFO o.a.j.t.JMeterThread: Stopping because end time detected by thread: JMeter Users 1-34
2026-04-08 23:30:20,589 INFO o.a.j.t.JMeterThread: Thread finished: JMeter Users 1-235
2026-04-08 23:30:20,589 INFO o.a.j.t.JMeterThread: Thread finished: JMeter Users 1-34
2026-04-08 23:30:20,589 INFO o.a.j.t.JMeterThread: Stopping because end time detected by thread: JMeter Users 1-25
2026-04-08 23:30:20,590 INFO o.a.j.t.JMeterThread: Thread finished: JMeter Users 1-25
2026-04-08 23:30:20,590 INFO o.a.j.t.JMeterThread: Stopping because end time detected by thread: JMeter Users 1-132
2026-04-08 23:30:20,590 INFO o.a.j.t.JMeterThread: Thread finished: JMeter Users 1-132
2026-04-08 23:30:20,590 INFO o.a.j.t.JMeterThread: Stopping because end time detected by thread: JMeter Users 1-170
2026-04-08 23:30:20,590 INFO o.a.j.t.JMeterThread: Thread finished: JMeter Users 1-170
2026-04-08 23:30:20,591 INFO o.a.j.t.JMeterThread: Stopping because end time detected by thread: JMeter Users 1-199
2026-04-08 23:30:20,591 INFO o.a.j.t.JMeterThread: Thread finished: JMeter Users 1-199
2026-04-08 23:30:20,599 INFO o.a.j.t.JMeterThread: Stopping because end time detected by thread: JMeter Users 1-13
2026-04-08 23:30:20,599 INFO o.a.j.t.JMeterThread: Thread finished: JMeter Users 1-13
2026-04-08 23:30:20,650 INFO o.a.j.t.JMeterThread: Stopping because end time detected by thread: JMeter Users 1-211
2026-04-08 23:30:20,650 INFO o.a.j.t.JMeterThread: Thread finished: JMeter Users 1-211
2026-04-08 23:30:20,670 INFO o.a.j.t.JMeterThread: Stopping because end time detected by thread: JMeter Users 1-82
2026-04-08 23:30:20,670 INFO o.a.j.t.JMeterThread: Thread finished: JMeter Users 1-82
2026-04-08 23:30:20,670 INFO o.a.j.t.JMeterThread: Stopping because end time detected by thread: JMeter Users 1-200
2026-04-08 23:30:20,670 INFO o.a.j.t.JMeterThread: Thread finished: JMeter Users 1-200
2026-04-08 23:30:20,670 INFO o.a.j.t.JMeterThread: Stopping because end time detected by thread: JMeter Users 1-192
2026-04-08 23:30:20,670 INFO o.a.j.t.JMeterThread: Thread finished: JMeter Users 1-192
2026-04-08 23:30:20,696 INFO o.a.j.t.JMeterThread: Stopping because end time detected by thread: JMeter Users 1-159
2026-04-08 23:30:20,696 INFO o.a.j.t.JMeterThread: Thread finished: JMeter Users 1-159
2026-04-08 23:30:20,696 INFO o.a.j.t.JMeterThread: Stopping because end time detected by thread: JMeter Users 1-161
2026-04-08 23:30:20,696 INFO o.a.j.t.JMeterThread: Thread finished: JMeter Users 1-161
2026-04-08 23:30:20,723 INFO o.a.j.t.JMeterThread: Stopping because end time detected by thread: JMeter Users 1-62
2026-04-08 23:30:20,723 INFO o.a.j.t.JMeterThread: Thread finished: JMeter Users 1-62
2026-04-08 23:30:20,767 INFO o.a.j.t.JMeterThread: Stopping because end time detected by thread: JMeter Users 1-8
2026-04-08 23:30:20,767 INFO o.a.j.t.JMeterThread: Stopping because end time detected by thread: JMeter Users 1-300
2026-04-08 23:30:20,767 INFO o.a.j.t.JMeterThread: Thread finished: JMeter Users 1-8
2026-04-08 23:30:20,767 INFO o.a.j.t.JMeterThread: Thread finished: JMeter Users 1-300
2026-04-08 23:30:20,776 INFO o.a.j.t.JMeterThread: Stopping because end time detected by thread: JMeter Users 1-223
2026-04-08 23:30:20,776 INFO o.a.j.t.JMeterThread: Thread finished: JMeter Users 1-223
2026-04-08 23:30:20,780 INFO o.a.j.t.JMeterThread: Stopping because end time detected by thread: JMeter Users 1-207
2026-04-08 23:30:20,780 INFO o.a.j.t.JMeterThread: Thread finished: JMeter Users 1-207
2026-04-08 23:30:20,784 INFO o.a.j.t.JMeterThread: Stopping because end time detected by thread: JMeter Users 1-7
2026-04-08 23:30:20,784 INFO o.a.j.t.JMeterThread: Thread finished: JMeter Users 1-7
2026-04-08 23:30:20,788 INFO o.a.j.t.JMeterThread: Stopping because end time detected by thread: JMeter Users 1-256
2026-04-08 23:30:20,788 INFO o.a.j.t.JMeterThread: Thread finished: JMeter Users 1-256
2026-04-08 23:30:20,790 INFO o.a.j.t.JMeterThread: Stopping because end time detected by thread: JMeter Users 1-193
2026-04-08 23:30:20,790 INFO o.a.j.t.JMeterThread: Stopping because end time detected by thread: JMeter Users 1-136
2026-04-08 23:30:20,790 INFO o.a.j.t.JMeterThread: Thread finished: JMeter Users 1-193
2026-04-08 23:30:20,790 INFO o.a.j.t.JMeterThread: Thread finished: JMeter Users 1-136
2026-04-08 23:30:20,790 INFO o.a.j.t.JMeterThread: Stopping because end time detected by thread: JMeter Users 1-276
2026-04-08 23:30:20,790 INFO o.a.j.t.JMeterThread: Thread finished: JMeter Users 1-276
2026-04-08 23:30:20,792 INFO o.a.j.t.JMeterThread: Stopping because end time detected by thread: JMeter Users 1-281
2026-04-08 23:30:20,792 INFO o.a.j.t.JMeterThread: Thread finished: JMeter Users 1-281
2026-04-08 23:30:20,794 INFO o.a.j.t.JMeterThread: Stopping because end time detected by thread: JMeter Users 1-154
2026-04-08 23:30:20,794 INFO o.a.j.t.JMeterThread: Thread finished: JMeter Users 1-154
2026-04-08 23:30:20,796 INFO o.a.j.t.JMeterThread: Stopping because end time detected by thread: JMeter Users 1-99
2026-04-08 23:30:20,796 INFO o.a.j.t.JMeterThread: Thread finished: JMeter Users 1-99
2026-04-08 23:30:20,801 INFO o.a.j.t.JMeterThread: Stopping because end time detected by thread: JMeter Users 1-27
2026-04-08 23:30:20,801 INFO o.a.j.t.JMeterThread: Stopping because end time detected by thread: JMeter Users 1-290
2026-04-08 23:30:20,801 INFO o.a.j.t.JMeterThread: Thread finished: JMeter Users 1-27
2026-04-08 23:30:20,801 INFO o.a.j.t.JMeterThread: Thread finished: JMeter Users 1-290
2026-04-08 23:30:20,805 INFO o.a.j.t.JMeterThread: Stopping because end time detected by thread: JMeter Users 1-45
2026-04-08 23:30:20,805 INFO o.a.j.t.JMeterThread: Thread finished: JMeter Users 1-45
2026-04-08 23:30:20,807 INFO o.a.j.t.JMeterThread: Stopping because end time detected by thread: JMeter Users 1-83
2026-04-08 23:30:20,807 INFO o.a.j.t.JMeterThread: Thread finished: JMeter Users 1-83
2026-04-08 23:30:20,809 INFO o.a.j.t.JMeterThread: Stopping because end time detected by thread: JMeter Users 1-60
2026-04-08 23:30:20,809 INFO o.a.j.t.JMeterThread: Thread finished: JMeter Users 1-60
2026-04-08 23:30:20,813 INFO o.a.j.t.JMeterThread: Stopping because end time detected by thread: JMeter Users 1-163
2026-04-08 23:30:20,813 INFO o.a.j.t.JMeterThread: Thread finished: JMeter Users 1-163
2026-04-08 23:30:20,814 INFO o.a.j.t.JMeterThread: Stopping because end time detected by thread: JMeter Users 1-51
2026-04-08 23:30:20,814 INFO o.a.j.t.JMeterThread: Thread finished: JMeter Users 1-51
2026-04-08 23:30:20,821 INFO o.a.j.t.JMeterThread: Stopping because end time detected by thread: JMeter Users 1-91
2026-04-08 23:30:20,821 INFO o.a.j.t.JMeterThread: Thread finished: JMeter Users 1-91
2026-04-08 23:30:20,823 INFO o.a.j.t.JMeterThread: Stopping because end time detected by thread: JMeter Users 1-227
2026-04-08 23:30:20,823 INFO o.a.j.t.JMeterThread: Thread finished: JMeter Users 1-227
2026-04-08 23:30:20,823 INFO o.a.j.t.JMeterThread: Stopping because end time detected by thread: JMeter Users 1-280
2026-04-08 23:30:20,823 INFO o.a.j.t.JMeterThread: Thread finished: JMeter Users 1-280
2026-04-08 23:30:20,825 INFO o.a.j.t.JMeterThread: Stopping because end time detected by thread: JMeter Users 1-43
2026-04-08 23:30:20,825 INFO o.a.j.t.JMeterThread: Thread finished: JMeter Users 1-43
2026-04-08 23:30:20,843 INFO o.a.j.t.JMeterThread: Stopping because end time detected by thread: JMeter Users 1-104
2026-04-08 23:30:20,844 INFO o.a.j.t.JMeterThread: Thread finished: JMeter Users 1-104
2026-04-08 23:30:20,852 INFO o.a.j.t.JMeterThread: Stopping because end time detected by thread: JMeter Users 1-216
2026-04-08 23:30:20,852 INFO o.a.j.t.JMeterThread: Thread finished: JMeter Users 1-216
2026-04-08 23:30:20,852 INFO o.a.j.t.JMeterThread: Stopping because end time detected by thread: JMeter Users 1-72
2026-04-08 23:30:20,852 INFO o.a.j.t.JMeterThread: Thread finished: JMeter Users 1-72
2026-04-08 23:30:20,856 INFO o.a.j.t.JMeterThread: Stopping because end time detected by thread: JMeter Users 1-188
2026-04-08 23:30:20,856 INFO o.a.j.t.JMeterThread: Thread finished: JMeter Users 1-188
2026-04-08 23:30:20,858 INFO o.a.j.t.JMeterThread: Stopping because end time detected by thread: JMeter Users 1-222
2026-04-08 23:30:20,858 INFO o.a.j.t.JMeterThread: Thread finished: JMeter Users 1-222
2026-04-08 23:30:20,860 INFO o.a.j.t.JMeterThread: Stopping because end time detected by thread: JMeter Users 1-144
2026-04-08 23:30:20,860 INFO o.a.j.t.JMeterThread: Stopping because end time detected by thread: JMeter Users 1-296
2026-04-08 23:30:20,860 INFO o.a.j.t.JMeterThread: Thread finished: JMeter Users 1-144
2026-04-08 23:30:20,860 INFO o.a.j.t.JMeterThread: Thread finished: JMeter Users 1-296
2026-04-08 23:30:20,860 INFO o.a.j.t.JMeterThread: Stopping because end time detected by thread: JMeter Users 1-20
2026-04-08 23:30:20,860 INFO o.a.j.t.JMeterThread: Thread finished: JMeter Users 1-20
2026-04-08 23:30:20,869 INFO o.a.j.t.JMeterThread: Stopping because end time detected by thread: JMeter Users 1-178
2026-04-08 23:30:20,869 INFO o.a.j.t.JMeterThread: Thread finished: JMeter Users 1-178
2026-04-08 23:30:20,871 INFO o.a.j.t.JMeterThread: Stopping because end time detected by thread: JMeter Users 1-180
2026-04-08 23:30:20,871 INFO o.a.j.t.JMeterThread: Thread finished: JMeter Users 1-180
2026-04-08 23:30:20,872 INFO o.a.j.t.JMeterThread: Stopping because end time detected by thread: JMeter Users 1-164
2026-04-08 23:30:20,872 INFO o.a.j.t.JMeterThread: Thread finished: JMeter Users 1-164
2026-04-08 23:30:20,877 INFO o.a.j.t.JMeterThread: Stopping because end time detected by thread: JMeter Users 1-230
2026-04-08 23:30:20,877 INFO o.a.j.t.JMeterThread: Thread finished: JMeter Users 1-230
2026-04-08 23:30:20,881 INFO o.a.j.t.JMeterThread: Stopping because end time detected by thread: JMeter Users 1-107
2026-04-08 23:30:20,881 INFO o.a.j.t.JMeterThread: Thread finished: JMeter Users 1-107
2026-04-08 23:30:20,886 INFO o.a.j.t.JMeterThread: Stopping because end time detected by thread: JMeter Users 1-124
2026-04-08 23:30:20,886 INFO o.a.j.t.JMeterThread: Stopping because end time detected by thread: JMeter Users 1-103
2026-04-08 23:30:20,886 INFO o.a.j.t.JMeterThread: Thread finished: JMeter Users 1-124
2026-04-08 23:30:20,886 INFO o.a.j.t.JMeterThread: Thread finished: JMeter Users 1-103
2026-04-08 23:30:20,894 INFO o.a.j.t.JMeterThread: Stopping because end time detected by thread: JMeter Users 1-78
2026-04-08 23:30:20,894 INFO o.a.j.t.JMeterThread: Thread finished: JMeter Users 1-78
2026-04-08 23:30:20,902 INFO o.a.j.t.JMeterThread: Stopping because end time detected by thread: JMeter Users 1-273
2026-04-08 23:30:20,903 INFO o.a.j.t.JMeterThread: Thread finished: JMeter Users 1-273
2026-04-08 23:30:20,904 INFO o.a.j.t.JMeterThread: Stopping because end time detected by thread: JMeter Users 1-213
2026-04-08 23:30:20,904 INFO o.a.j.t.JMeterThread: Stopping because end time detected by thread: JMeter Users 1-165
2026-04-08 23:30:20,904 INFO o.a.j.t.JMeterThread: Thread finished: JMeter Users 1-213
2026-04-08 23:30:20,904 INFO o.a.j.t.JMeterThread: Stopping because end time detected by thread: JMeter Users 1-48
2026-04-08 23:30:20,904 INFO o.a.j.t.JMeterThread: Thread finished: JMeter Users 1-165
2026-04-08 23:30:20,904 INFO o.a.j.t.JMeterThread: Thread finished: JMeter Users 1-48
2026-04-08 23:30:20,906 INFO o.a.j.t.JMeterThread: Stopping because end time detected by thread: JMeter Users 1-243
2026-04-08 23:30:20,906 INFO o.a.j.t.JMeterThread: Thread finished: JMeter Users 1-243
2026-04-08 23:30:20,911 INFO o.a.j.t.JMeterThread: Stopping because end time detected by thread: JMeter Users 1-149
2026-04-08 23:30:20,911 INFO o.a.j.t.JMeterThread: Stopping because end time detected by thread: JMeter Users 1-292
2026-04-08 23:30:20,911 INFO o.a.j.t.JMeterThread: Thread finished: JMeter Users 1-292
2026-04-08 23:30:20,911 INFO o.a.j.t.JMeterThread: Thread finished: JMeter Users 1-149
2026-04-08 23:30:20,915 INFO o.a.j.t.JMeterThread: Stopping because end time detected by thread: JMeter Users 1-66
2026-04-08 23:30:20,915 INFO o.a.j.t.JMeterThread: Thread finished: JMeter Users 1-66
2026-04-08 23:30:20,915 INFO o.a.j.t.JMeterThread: Stopping because end time detected by thread: JMeter Users 1-166
2026-04-08 23:30:20,915 INFO o.a.j.t.JMeterThread: Stopping because end time detected by thread: JMeter Users 1-209
2026-04-08 23:30:20,915 INFO o.a.j.t.JMeterThread: Thread finished: JMeter Users 1-166
2026-04-08 23:30:20,915 INFO o.a.j.t.JMeterThread: Stopping because end time detected by thread: JMeter Users 1-194
2026-04-08 23:30:20,915 INFO o.a.j.t.JMeterThread: Thread finished: JMeter Users 1-209
2026-04-08 23:30:20,915 INFO o.a.j.t.JMeterThread: Thread finished: JMeter Users 1-194
2026-04-08 23:30:20,917 INFO o.a.j.t.JMeterThread: Stopping because end time detected by thread: JMeter Users 1-184
2026-04-08 23:30:20,917 INFO o.a.j.t.JMeterThread: Thread finished: JMeter Users 1-184
2026-04-08 23:30:20,936 INFO o.a.j.t.JMeterThread: Stopping because end time detected by thread: JMeter Users 1-79
2026-04-08 23:30:20,936 INFO o.a.j.t.JMeterThread: Stopping because end time detected by thread: JMeter Users 1-295
2026-04-08 23:30:20,936 INFO o.a.j.t.JMeterThread: Thread finished: JMeter Users 1-79
2026-04-08 23:30:20,936 INFO o.a.j.t.JMeterThread: Thread finished: JMeter Users 1-295
2026-04-08 23:30:20,944 INFO o.a.j.t.JMeterThread: Stopping because end time detected by thread: JMeter Users 1-261
2026-04-08 23:30:20,944 INFO o.a.j.t.JMeterThread: Thread finished: JMeter Users 1-261
2026-04-08 23:30:20,953 INFO o.a.j.t.JMeterThread: Stopping because end time detected by thread: JMeter Users 1-141
2026-04-08 23:30:20,953 INFO o.a.j.t.JMeterThread: Thread finished: JMeter Users 1-141
2026-04-08 23:30:20,953 INFO o.a.j.t.JMeterThread: Stopping because end time detected by thread: JMeter Users 1-172
2026-04-08 23:30:20,953 INFO o.a.j.t.JMeterThread: Thread finished: JMeter Users 1-172
2026-04-08 23:30:20,961 INFO o.a.j.t.JMeterThread: Stopping because end time detected by thread: JMeter Users 1-185
2026-04-08 23:30:20,961 INFO o.a.j.t.JMeterThread: Thread finished: JMeter Users 1-185
2026-04-08 23:30:20,970 INFO o.a.j.t.JMeterThread: Stopping because end time detected by thread: JMeter Users 1-146
2026-04-08 23:30:20,970 INFO o.a.j.t.JMeterThread: Thread finished: JMeter Users 1-146
2026-04-08 23:30:20,978 INFO o.a.j.t.JMeterThread: Stopping because end time detected by thread: JMeter Users 1-186
2026-04-08 23:30:20,978 INFO o.a.j.t.JMeterThread: Thread finished: JMeter Users 1-186
2026-04-08 23:30:20,982 INFO o.a.j.t.JMeterThread: Stopping because end time detected by thread: JMeter Users 1-32
2026-04-08 23:30:20,982 INFO o.a.j.t.JMeterThread: Thread finished: JMeter Users 1-32
2026-04-08 23:30:20,986 INFO o.a.j.t.JMeterThread: Stopping because end time detected by thread: JMeter Users 1-85
2026-04-08 23:30:20,986 INFO o.a.j.t.JMeterThread: Thread finished: JMeter Users 1-85
2026-04-08 23:30:21,003 INFO o.a.j.t.JMeterThread: Stopping because end time detected by thread: JMeter Users 1-224
2026-04-08 23:30:21,003 INFO o.a.j.t.JMeterThread: Stopping because end time detected by thread: JMeter Users 1-174
2026-04-08 23:30:21,003 INFO o.a.j.t.JMeterThread: Thread finished: JMeter Users 1-224
2026-04-08 23:30:21,003 INFO o.a.j.t.JMeterThread: Thread finished: JMeter Users 1-174
2026-04-08 23:30:21,012 INFO o.a.j.t.JMeterThread: Stopping because end time detected by thread: JMeter Users 1-269
2026-04-08 23:30:21,012 INFO o.a.j.t.JMeterThread: Thread finished: JMeter Users 1-269
2026-04-08 23:30:21,015 INFO o.a.j.t.JMeterThread: Stopping because end time detected by thread: JMeter Users 1-255
2026-04-08 23:30:21,015 INFO o.a.j.t.JMeterThread: Thread finished: JMeter Users 1-255
2026-04-08 23:30:21,020 INFO o.a.j.t.JMeterThread: Stopping because end time detected by thread: JMeter Users 1-119
2026-04-08 23:30:21,020 INFO o.a.j.t.JMeterThread: Thread finished: JMeter Users 1-119
2026-04-08 23:30:21,020 INFO o.a.j.t.JMeterThread: Stopping because end time detected by thread: JMeter Users 1-118
2026-04-08 23:30:21,020 INFO o.a.j.t.JMeterThread: Stopping because end time detected by thread: JMeter Users 1-229
2026-04-08 23:30:21,020 INFO o.a.j.t.JMeterThread: Thread finished: JMeter Users 1-118
2026-04-08 23:30:21,020 INFO o.a.j.t.JMeterThread: Thread finished: JMeter Users 1-229
2026-04-08 23:30:21,029 INFO o.a.j.t.JMeterThread: Stopping because end time detected by thread: JMeter Users 1-150
2026-04-08 23:30:21,029 INFO o.a.j.t.JMeterThread: Thread finished: JMeter Users 1-150
2026-04-08 23:30:21,037 INFO o.a.j.t.JMeterThread: Stopping because end time detected by thread: JMeter Users 1-253
2026-04-08 23:30:21,037 INFO o.a.j.t.JMeterThread: Thread finished: JMeter Users 1-253
2026-04-08 23:30:21,045 INFO o.a.j.t.JMeterThread: Stopping because end time detected by thread: JMeter Users 1-128
2026-04-08 23:30:21,045 INFO o.a.j.t.JMeterThread: Thread finished: JMeter Users 1-128
2026-04-08 23:30:21,054 INFO o.a.j.t.JMeterThread: Stopping because end time detected by thread: JMeter Users 1-6
2026-04-08 23:30:21,054 INFO o.a.j.t.JMeterThread: Stopping because end time detected by thread: JMeter Users 1-28
2026-04-08 23:30:21,054 INFO o.a.j.t.JMeterThread: Thread finished: JMeter Users 1-6
2026-04-08 23:30:21,054 INFO o.a.j.t.JMeterThread: Thread finished: JMeter Users 1-28
2026-04-08 23:30:21,054 INFO o.a.j.t.JMeterThread: Stopping because end time detected by thread: JMeter Users 1-127
2026-04-08 23:30:21,054 INFO o.a.j.t.JMeterThread: Thread finished: JMeter Users 1-127
2026-04-08 23:30:21,058 INFO o.a.j.t.JMeterThread: Stopping because end time detected by thread: JMeter Users 1-240
2026-04-08 23:30:21,058 INFO o.a.j.t.JMeterThread: Thread finished: JMeter Users 1-240
2026-04-08 23:30:21,060 INFO o.a.j.t.JMeterThread: Stopping because end time detected by thread: JMeter Users 1-297
2026-04-08 23:30:21,060 INFO o.a.j.t.JMeterThread: Thread finished: JMeter Users 1-297
2026-04-08 23:30:21,062 INFO o.a.j.t.JMeterThread: Stopping because end time detected by thread: JMeter Users 1-289
2026-04-08 23:30:21,062 INFO o.a.j.t.JMeterThread: Thread finished: JMeter Users 1-289
2026-04-08 23:30:21,062 INFO o.a.j.t.JMeterThread: Stopping because end time detected by thread: JMeter Users 1-262
2026-04-08 23:30:21,062 INFO o.a.j.t.JMeterThread: Thread finished: JMeter Users 1-262
2026-04-08 23:30:21,071 INFO o.a.j.t.JMeterThread: Stopping because end time detected by thread: JMeter Users 1-233
2026-04-08 23:30:21,071 INFO o.a.j.t.JMeterThread: Thread finished: JMeter Users 1-233
2026-04-08 23:30:21,074 INFO o.a.j.t.JMeterThread: Stopping because end time detected by thread: JMeter Users 1-59
2026-04-08 23:30:21,074 INFO o.a.j.t.JMeterThread: Thread finished: JMeter Users 1-59
2026-04-08 23:30:21,079 INFO o.a.j.t.JMeterThread: Stopping because end time detected by thread: JMeter Users 1-156
2026-04-08 23:30:21,079 INFO o.a.j.t.JMeterThread: Stopping because end time detected by thread: JMeter Users 1-57
2026-04-08 23:30:21,079 INFO o.a.j.t.JMeterThread: Thread finished: JMeter Users 1-156
2026-04-08 23:30:21,079 INFO o.a.j.t.JMeterThread: Thread finished: JMeter Users 1-57
2026-04-08 23:30:21,081 INFO o.a.j.t.JMeterThread: Stopping because end time detected by thread: JMeter Users 1-98
2026-04-08 23:30:21,081 INFO o.a.j.t.JMeterThread: Thread finished: JMeter Users 1-98
2026-04-08 23:30:21,083 INFO o.a.j.t.JMeterThread: Stopping because end time detected by thread: JMeter Users 1-270
2026-04-08 23:30:21,083 INFO o.a.j.t.JMeterThread: Thread finished: JMeter Users 1-270
2026-04-08 23:30:21,085 INFO o.a.j.t.JMeterThread: Stopping because end time detected by thread: JMeter Users 1-272
2026-04-08 23:30:21,085 INFO o.a.j.t.JMeterThread: Thread finished: JMeter Users 1-272
2026-04-08 23:30:21,088 INFO o.a.j.t.JMeterThread: Stopping because end time detected by thread: JMeter Users 1-250
2026-04-08 23:30:21,088 INFO o.a.j.t.JMeterThread: Thread finished: JMeter Users 1-250
2026-04-08 23:30:21,090 INFO o.a.j.t.JMeterThread: Stopping because end time detected by thread: JMeter Users 1-53
2026-04-08 23:30:21,090 INFO o.a.j.t.JMeterThread: Thread finished: JMeter Users 1-53
2026-04-08 23:30:21,092 INFO o.a.j.t.JMeterThread: Stopping because end time detected by thread: JMeter Users 1-80
2026-04-08 23:30:21,092 INFO o.a.j.t.JMeterThread: Thread finished: JMeter Users 1-80
2026-04-08 23:30:21,094 INFO o.a.j.t.JMeterThread: Stopping because end time detected by thread: JMeter Users 1-245
2026-04-08 23:30:21,094 INFO o.a.j.t.JMeterThread: Thread finished: JMeter Users 1-245
2026-04-08 23:30:21,118 INFO o.a.j.t.JMeterThread: Stopping because end time detected by thread: JMeter Users 1-148
2026-04-08 23:30:21,118 INFO o.a.j.t.JMeterThread: Thread finished: JMeter Users 1-148
2026-04-08 23:30:21,121 INFO o.a.j.t.JMeterThread: Stopping because end time detected by thread: JMeter Users 1-237
2026-04-08 23:30:21,121 INFO o.a.j.t.JMeterThread: Thread finished: JMeter Users 1-237
2026-04-08 23:30:21,138 INFO o.a.j.t.JMeterThread: Stopping because end time detected by thread: JMeter Users 1-215
2026-04-08 23:30:21,138 INFO o.a.j.t.JMeterThread: Thread finished: JMeter Users 1-215
2026-04-08 23:30:21,146 INFO o.a.j.t.JMeterThread: Stopping because end time detected by thread: JMeter Users 1-2
2026-04-08 23:30:21,146 INFO o.a.j.t.JMeterThread: Stopping because end time detected by thread: JMeter Users 1-75
2026-04-08 23:30:21,146 INFO o.a.j.t.JMeterThread: Thread finished: JMeter Users 1-75
2026-04-08 23:30:21,146 INFO o.a.j.t.JMeterThread: Thread finished: JMeter Users 1-2
2026-04-08 23:30:21,146 INFO o.a.j.t.JMeterThread: Stopping because end time detected by thread: JMeter Users 1-52
2026-04-08 23:30:21,146 INFO o.a.j.t.JMeterThread: Thread finished: JMeter Users 1-52
2026-04-08 23:30:21,155 INFO o.a.j.t.JMeterThread: Stopping because end time detected by thread: JMeter Users 1-39
2026-04-08 23:30:21,155 INFO o.a.j.t.JMeterThread: Thread finished: JMeter Users 1-39
2026-04-08 23:30:21,161 INFO o.a.j.t.JMeterThread: Stopping because end time detected by thread: JMeter Users 1-225
2026-04-08 23:30:21,161 INFO o.a.j.t.JMeterThread: Thread finished: JMeter Users 1-225
2026-04-08 23:30:21,163 INFO o.a.j.t.JMeterThread: Stopping because end time detected by thread: JMeter Users 1-277
2026-04-08 23:30:21,163 INFO o.a.j.t.JMeterThread: Thread finished: JMeter Users 1-277
2026-04-08 23:30:21,166 INFO o.a.j.t.JMeterThread: Stopping because end time detected by thread: JMeter Users 1-220
2026-04-08 23:30:21,166 INFO o.a.j.t.JMeterThread: Thread finished: JMeter Users 1-220
2026-04-08 23:30:21,168 INFO o.a.j.t.JMeterThread: Stopping because end time detected by thread: JMeter Users 1-113
2026-04-08 23:30:21,168 INFO o.a.j.t.JMeterThread: Thread finished: JMeter Users 1-113
2026-04-08 23:30:21,171 INFO o.a.j.t.JMeterThread: Stopping because end time detected by thread: JMeter Users 1-247
2026-04-08 23:30:21,171 INFO o.a.j.t.JMeterThread: Thread finished: JMeter Users 1-247
2026-04-08 23:30:21,172 INFO o.a.j.t.JMeterThread: Stopping because end time detected by thread: JMeter Users 1-260
2026-04-08 23:30:21,172 INFO o.a.j.t.JMeterThread: Thread finished: JMeter Users 1-260
2026-04-08 23:30:21,173 INFO o.a.j.t.JMeterThread: Stopping because end time detected by thread: JMeter Users 1-106
2026-04-08 23:30:21,173 INFO o.a.j.t.JMeterThread: Thread finished: JMeter Users 1-106
2026-04-08 23:30:21,174 INFO o.a.j.t.JMeterThread: Stopping because end time detected by thread: JMeter Users 1-87
2026-04-08 23:30:21,174 INFO o.a.j.t.JMeterThread: Thread finished: JMeter Users 1-87
2026-04-08 23:30:21,175 INFO o.a.j.t.JMeterThread: Stopping because end time detected by thread: JMeter Users 1-169
2026-04-08 23:30:21,175 INFO o.a.j.t.JMeterThread: Thread finished: JMeter Users 1-169
2026-04-08 23:30:21,178 INFO o.a.j.t.JMeterThread: Stopping because end time detected by thread: JMeter Users 1-137
2026-04-08 23:30:21,178 INFO o.a.j.t.JMeterThread: Thread finished: JMeter Users 1-137
2026-04-08 23:30:21,180 INFO o.a.j.t.JMeterThread: Stopping because end time detected by thread: JMeter Users 1-33
2026-04-08 23:30:21,180 INFO o.a.j.t.JMeterThread: Stopping because end time detected by thread: JMeter Users 1-217
2026-04-08 23:30:21,180 INFO o.a.j.t.JMeterThread: Thread finished: JMeter Users 1-33
2026-04-08 23:30:21,180 INFO o.a.j.t.JMeterThread: Thread finished: JMeter Users 1-217
2026-04-08 23:30:21,182 INFO o.a.j.t.JMeterThread: Stopping because end time detected by thread: JMeter Users 1-12
2026-04-08 23:30:21,182 INFO o.a.j.t.JMeterThread: Stopping because end time detected by thread: JMeter Users 1-183
2026-04-08 23:30:21,182 INFO o.a.j.t.JMeterThread: Thread finished: JMeter Users 1-12
2026-04-08 23:30:21,182 INFO o.a.j.t.JMeterThread: Thread finished: JMeter Users 1-183
2026-04-08 23:30:21,186 INFO o.a.j.t.JMeterThread: Stopping because end time detected by thread: JMeter Users 1-291
2026-04-08 23:30:21,186 INFO o.a.j.t.JMeterThread: Thread finished: JMeter Users 1-291
2026-04-08 23:30:21,188 INFO o.a.j.t.JMeterThread: Stopping because end time detected by thread: JMeter Users 1-24
2026-04-08 23:30:21,188 INFO o.a.j.t.JMeterThread: Thread finished: JMeter Users 1-24
2026-04-08 23:30:21,190 INFO o.a.j.t.JMeterThread: Stopping because end time detected by thread: JMeter Users 1-5
2026-04-08 23:30:21,190 INFO o.a.j.t.JMeterThread: Thread finished: JMeter Users 1-5
2026-04-08 23:30:21,196 INFO o.a.j.t.JMeterThread: Stopping because end time detected by thread: JMeter Users 1-121
2026-04-08 23:30:21,196 INFO o.a.j.t.JMeterThread: Thread finished: JMeter Users 1-121
2026-04-08 23:30:21,197 INFO o.a.j.t.JMeterThread: Stopping because end time detected by thread: JMeter Users 1-179
2026-04-08 23:30:21,197 INFO o.a.j.t.JMeterThread: Thread finished: JMeter Users 1-179
2026-04-08 23:30:21,198 INFO o.a.j.t.JMeterThread: Stopping because end time detected by thread: JMeter Users 1-218
2026-04-08 23:30:21,198 INFO o.a.j.t.JMeterThread: Thread finished: JMeter Users 1-218
2026-04-08 23:30:21,205 INFO o.a.j.t.JMeterThread: Stopping because end time detected by thread: JMeter Users 1-26
2026-04-08 23:30:21,205 INFO o.a.j.t.JMeterThread: Thread finished: JMeter Users 1-26
2026-04-08 23:30:21,207 INFO o.a.j.t.JMeterThread: Stopping because end time detected by thread: JMeter Users 1-31
2026-04-08 23:30:21,207 INFO o.a.j.t.JMeterThread: Thread finished: JMeter Users 1-31
2026-04-08 23:30:21,209 INFO o.a.j.t.JMeterThread: Stopping because end time detected by thread: JMeter Users 1-129
2026-04-08 23:30:21,209 INFO o.a.j.t.JMeterThread: Stopping because end time detected by thread: JMeter Users 1-278
2026-04-08 23:30:21,209 INFO o.a.j.t.JMeterThread: Thread finished: JMeter Users 1-129
2026-04-08 23:30:21,209 INFO o.a.j.t.JMeterThread: Thread finished: JMeter Users 1-278
2026-04-08 23:30:21,209 INFO o.a.j.t.JMeterThread: Stopping because end time detected by thread: JMeter Users 1-56
2026-04-08 23:30:21,209 INFO o.a.j.t.JMeterThread: Thread finished: JMeter Users 1-56
2026-04-08 23:30:21,211 INFO o.a.j.t.JMeterThread: Stopping because end time detected by thread: JMeter Users 1-114
2026-04-08 23:30:21,211 INFO o.a.j.t.JMeterThread: Thread finished: JMeter Users 1-114
2026-04-08 23:30:21,213 INFO o.a.j.t.JMeterThread: Stopping because end time detected by thread: JMeter Users 1-10
2026-04-08 23:30:21,213 INFO o.a.j.t.JMeterThread: Thread finished: JMeter Users 1-10
2026-04-08 23:30:21,222 INFO o.a.j.t.JMeterThread: Stopping because end time detected by thread: JMeter Users 1-49
2026-04-08 23:30:21,222 INFO o.a.j.t.JMeterThread: Thread finished: JMeter Users 1-49
2026-04-08 23:30:21,222 INFO o.a.j.t.JMeterThread: Stopping because end time detected by thread: JMeter Users 1-65
2026-04-08 23:30:21,222 INFO o.a.j.t.JMeterThread: Stopping because end time detected by thread: JMeter Users 1-109
2026-04-08 23:30:21,222 INFO o.a.j.t.JMeterThread: Thread finished: JMeter Users 1-65
2026-04-08 23:30:21,222 INFO o.a.j.t.JMeterThread: Thread finished: JMeter Users 1-109
2026-04-08 23:30:21,224 INFO o.a.j.t.JMeterThread: Stopping because end time detected by thread: JMeter Users 1-90
2026-04-08 23:30:21,224 INFO o.a.j.t.JMeterThread: Thread finished: JMeter Users 1-90
2026-04-08 23:30:21,226 INFO o.a.j.t.JMeterThread: Stopping because end time detected by thread: JMeter Users 1-287
2026-04-08 23:30:21,226 INFO o.a.j.t.JMeterThread: Thread finished: JMeter Users 1-287
2026-04-08 23:30:21,228 INFO o.a.j.t.JMeterThread: Stopping because end time detected by thread: JMeter Users 1-203
2026-04-08 23:30:21,228 INFO o.a.j.t.JMeterThread: Thread finished: JMeter Users 1-203
2026-04-08 23:30:21,230 INFO o.a.j.t.JMeterThread: Stopping because end time detected by thread: JMeter Users 1-16
2026-04-08 23:30:21,230 INFO o.a.j.t.JMeterThread: Thread finished: JMeter Users 1-16
2026-04-08 23:30:21,232 INFO o.a.j.t.JMeterThread: Stopping because end time detected by thread: JMeter Users 1-67
2026-04-08 23:30:21,232 INFO o.a.j.t.JMeterThread: Thread finished: JMeter Users 1-67
2026-04-08 23:30:21,234 INFO o.a.j.t.JMeterThread: Stopping because end time detected by thread: JMeter Users 1-77
2026-04-08 23:30:21,234 INFO o.a.j.t.JMeterThread: Thread finished: JMeter Users 1-77
2026-04-08 23:30:21,239 INFO o.a.j.t.JMeterThread: Stopping because end time detected by thread: JMeter Users 1-110
2026-04-08 23:30:21,239 INFO o.a.j.t.JMeterThread: Thread finished: JMeter Users 1-110
2026-04-08 23:30:21,247 INFO o.a.j.t.JMeterThread: Stopping because end time detected by thread: JMeter Users 1-264
2026-04-08 23:30:21,247 INFO o.a.j.t.JMeterThread: Thread finished: JMeter Users 1-264
2026-04-08 23:30:21,247 INFO o.a.j.t.JMeterThread: Stopping because end time detected by thread: JMeter Users 1-241
2026-04-08 23:30:21,247 INFO o.a.j.t.JMeterThread: Thread finished: JMeter Users 1-241
2026-04-08 23:30:21,247 INFO o.a.j.t.JMeterThread: Stopping because end time detected by thread: JMeter Users 1-9
2026-04-08 23:30:21,247 INFO o.a.j.t.JMeterThread: Thread finished: JMeter Users 1-9
2026-04-08 23:30:21,256 INFO o.a.j.t.JMeterThread: Stopping because end time detected by thread: JMeter Users 1-63
2026-04-08 23:30:21,256 INFO o.a.j.t.JMeterThread: Thread finished: JMeter Users 1-63
2026-04-08 23:30:21,260 INFO o.a.j.t.JMeterThread: Stopping because end time detected by thread: JMeter Users 1-89
2026-04-08 23:30:21,260 INFO o.a.j.t.JMeterThread: Thread finished: JMeter Users 1-89
2026-04-08 23:30:21,264 INFO o.a.j.t.JMeterThread: Stopping because end time detected by thread: JMeter Users 1-15
2026-04-08 23:30:21,264 INFO o.a.j.t.JMeterThread: Thread finished: JMeter Users 1-15
2026-04-08 23:30:21,281 INFO o.a.j.t.JMeterThread: Stopping because end time detected by thread: JMeter Users 1-266
2026-04-08 23:30:21,281 INFO o.a.j.t.JMeterThread: Thread finished: JMeter Users 1-266
2026-04-08 23:30:21,289 INFO o.a.j.t.JMeterThread: Stopping because end time detected by thread: JMeter Users 1-219
2026-04-08 23:30:21,289 INFO o.a.j.t.JMeterThread: Thread finished: JMeter Users 1-219
2026-04-08 23:30:21,323 INFO o.a.j.t.JMeterThread: Stopping because end time detected by thread: JMeter Users 1-257
2026-04-08 23:30:21,323 INFO o.a.j.t.JMeterThread: Thread finished: JMeter Users 1-257
2026-04-08 23:30:21,340 INFO o.a.j.t.JMeterThread: Stopping because end time detected by thread: JMeter Users 1-259
2026-04-08 23:30:21,340 INFO o.a.j.t.JMeterThread: Thread finished: JMeter Users 1-259
2026-04-08 23:30:21,340 INFO o.a.j.t.JMeterThread: Stopping because end time detected by thread: JMeter Users 1-122
2026-04-08 23:30:21,340 INFO o.a.j.t.JMeterThread: Thread finished: JMeter Users 1-122
2026-04-08 23:30:21,348 INFO o.a.j.t.JMeterThread: Stopping because end time detected by thread: JMeter Users 1-93
2026-04-08 23:30:21,348 INFO o.a.j.t.JMeterThread: Thread finished: JMeter Users 1-93
2026-04-08 23:30:21,352 INFO o.a.j.t.JMeterThread: Stopping because end time detected by thread: JMeter Users 1-17
2026-04-08 23:30:21,352 INFO o.a.j.t.JMeterThread: Thread finished: JMeter Users 1-17
2026-04-08 23:30:21,356 INFO o.a.j.t.JMeterThread: Stopping because end time detected by thread: JMeter Users 1-206
2026-04-08 23:30:21,356 INFO o.a.j.t.JMeterThread: Thread finished: JMeter Users 1-206
2026-04-08 23:30:21,357 INFO o.a.j.t.JMeterThread: Stopping because end time detected by thread: JMeter Users 1-251
2026-04-08 23:30:21,357 INFO o.a.j.t.JMeterThread: Stopping because end time detected by thread: JMeter Users 1-208
2026-04-08 23:30:21,357 INFO o.a.j.t.JMeterThread: Thread finished: JMeter Users 1-251
2026-04-08 23:30:21,357 INFO o.a.j.t.JMeterThread: Stopping because end time detected by thread: JMeter Users 1-64
2026-04-08 23:30:21,357 INFO o.a.j.t.JMeterThread: Thread finished: JMeter Users 1-208
2026-04-08 23:30:21,357 INFO o.a.j.t.JMeterThread: Thread finished: JMeter Users 1-64
2026-04-08 23:30:21,365 INFO o.a.j.t.JMeterThread: Stopping because end time detected by thread: JMeter Users 1-285
2026-04-08 23:30:21,365 INFO o.a.j.t.JMeterThread: Thread finished: JMeter Users 1-285
2026-04-08 23:30:21,373 INFO o.a.j.t.JMeterThread: Stopping because end time detected by thread: JMeter Users 1-181
2026-04-08 23:30:21,373 INFO o.a.j.t.JMeterThread: Thread finished: JMeter Users 1-181
2026-04-08 23:30:21,382 INFO o.a.j.t.JMeterThread: Stopping because end time detected by thread: JMeter Users 1-133
2026-04-08 23:30:21,382 INFO o.a.j.t.JMeterThread: Thread finished: JMeter Users 1-133
2026-04-08 23:30:21,386 INFO o.a.j.t.JMeterThread: Stopping because end time detected by thread: JMeter Users 1-293
2026-04-08 23:30:21,386 INFO o.a.j.t.JMeterThread: Thread finished: JMeter Users 1-293
2026-04-08 23:30:21,387 INFO o.a.j.t.JMeterThread: Stopping because end time detected by thread: JMeter Users 1-242
2026-04-08 23:30:21,387 INFO o.a.j.t.JMeterThread: Thread finished: JMeter Users 1-242
2026-04-08 23:30:21,390 INFO o.a.j.t.JMeterThread: Stopping because end time detected by thread: JMeter Users 1-298
2026-04-08 23:30:21,390 INFO o.a.j.t.JMeterThread: Thread finished: JMeter Users 1-298
2026-04-08 23:30:21,399 INFO o.a.j.t.JMeterThread: Stopping because end time detected by thread: JMeter Users 1-126
2026-04-08 23:30:21,399 INFO o.a.j.t.JMeterThread: Stopping because end time detected by thread: JMeter Users 1-50
2026-04-08 23:30:21,399 INFO o.a.j.t.JMeterThread: Thread finished: JMeter Users 1-126
2026-04-08 23:30:21,399 INFO o.a.j.t.JMeterThread: Stopping because end time detected by thread: JMeter Users 1-61
2026-04-08 23:30:21,399 INFO o.a.j.t.JMeterThread: Thread finished: JMeter Users 1-50
2026-04-08 23:30:21,399 INFO o.a.j.t.JMeterThread: Thread finished: JMeter Users 1-61
2026-04-08 23:30:21,407 INFO o.a.j.t.JMeterThread: Stopping because end time detected by thread: JMeter Users 1-68
2026-04-08 23:30:21,407 INFO o.a.j.t.JMeterThread: Stopping because end time detected by thread: JMeter Users 1-187
2026-04-08 23:30:21,407 INFO o.a.j.t.JMeterThread: Thread finished: JMeter Users 1-68
2026-04-08 23:30:21,407 INFO o.a.j.t.JMeterThread: Thread finished: JMeter Users 1-187
2026-04-08 23:30:21,415 INFO o.a.j.t.JMeterThread: Stopping because end time detected by thread: JMeter Users 1-175
2026-04-08 23:30:21,415 INFO o.a.j.t.JMeterThread: Thread finished: JMeter Users 1-175
2026-04-08 23:30:21,428 INFO o.a.j.t.JMeterThread: Stopping because end time detected by thread: JMeter Users 1-46
2026-04-08 23:30:21,428 INFO o.a.j.t.JMeterThread: Thread finished: JMeter Users 1-46
2026-04-08 23:30:21,575 INFO o.a.j.t.JMeterThread: Stopping because end time detected by thread: JMeter Users 1-288
2026-04-08 23:30:21,575 INFO o.a.j.t.JMeterThread: Thread finished: JMeter Users 1-288
2026-04-08 23:30:21,584 INFO o.a.j.t.JMeterThread: Stopping because end time detected by thread: JMeter Users 1-19
2026-04-08 23:30:21,584 INFO o.a.j.t.JMeterThread: Thread finished: JMeter Users 1-19
2026-04-08 23:30:21,584 INFO o.a.j.t.JMeterThread: Stopping because end time detected by thread: JMeter Users 1-21
2026-04-08 23:30:21,584 INFO o.a.j.t.JMeterThread: Thread finished: JMeter Users 1-21
2026-04-08 23:30:21,586 INFO o.a.j.t.JMeterThread: Stopping because end time detected by thread: JMeter Users 1-232
2026-04-08 23:30:21,586 INFO o.a.j.t.JMeterThread: Thread finished: JMeter Users 1-232
2026-04-08 23:30:21,588 INFO o.a.j.t.JMeterThread: Stopping because end time detected by thread: JMeter Users 1-173
2026-04-08 23:30:21,588 INFO o.a.j.t.JMeterThread: Thread finished: JMeter Users 1-173
2026-04-08 23:30:21,592 INFO o.a.j.t.JMeterThread: Stopping because end time detected by thread: JMeter Users 1-47
2026-04-08 23:30:21,592 INFO o.a.j.t.JMeterThread: Thread finished: JMeter Users 1-47
2026-04-08 23:30:21,601 INFO o.a.j.t.JMeterThread: Stopping because end time detected by thread: JMeter Users 1-204
2026-04-08 23:30:21,601 INFO o.a.j.t.JMeterThread: Thread finished: JMeter Users 1-204
2026-04-08 23:30:21,601 INFO o.a.j.t.JMeterThread: Stopping because end time detected by thread: JMeter Users 1-176
2026-04-08 23:30:21,601 INFO o.a.j.t.JMeterThread: Thread finished: JMeter Users 1-176
2026-04-08 23:30:21,609 INFO o.a.j.t.JMeterThread: Stopping because end time detected by thread: JMeter Users 1-44
2026-04-08 23:30:21,609 INFO o.a.j.t.JMeterThread: Thread finished: JMeter Users 1-44
2026-04-08 23:30:21,611 INFO o.a.j.t.JMeterThread: Stopping because end time detected by thread: JMeter Users 1-153
2026-04-08 23:30:21,611 INFO o.a.j.t.JMeterThread: Thread finished: JMeter Users 1-153
2026-04-08 23:30:21,617 INFO o.a.j.t.JMeterThread: Stopping because end time detected by thread: JMeter Users 1-131
2026-04-08 23:30:21,617 INFO o.a.j.t.JMeterThread: Thread finished: JMeter Users 1-131
2026-04-08 23:30:21,617 INFO o.a.j.t.JMeterThread: Stopping because end time detected by thread: JMeter Users 1-41
2026-04-08 23:30:21,617 INFO o.a.j.t.JMeterThread: Thread finished: JMeter Users 1-41
2026-04-08 23:30:21,626 INFO o.a.j.t.JMeterThread: Stopping because end time detected by thread: JMeter Users 1-248
2026-04-08 23:30:21,626 INFO o.a.j.t.JMeterThread: Thread finished: JMeter Users 1-248
2026-04-08 23:30:21,634 INFO o.a.j.t.JMeterThread: Stopping because end time detected by thread: JMeter Users 1-36
2026-04-08 23:30:21,634 INFO o.a.j.t.JMeterThread: Stopping because end time detected by thread: JMeter Users 1-101
2026-04-08 23:30:21,634 INFO o.a.j.t.JMeterThread: Thread finished: JMeter Users 1-36
2026-04-08 23:30:21,634 INFO o.a.j.t.JMeterThread: Thread finished: JMeter Users 1-101
2026-04-08 23:30:21,636 INFO o.a.j.t.JMeterThread: Stopping because end time detected by thread: JMeter Users 1-160
2026-04-08 23:30:21,636 INFO o.a.j.t.JMeterThread: Thread finished: JMeter Users 1-160
2026-04-08 23:30:21,638 INFO o.a.j.t.JMeterThread: Stopping because end time detected by thread: JMeter Users 1-29
2026-04-08 23:30:21,638 INFO o.a.j.t.JMeterThread: Thread finished: JMeter Users 1-29
2026-04-08 23:30:21,642 INFO o.a.j.t.JMeterThread: Stopping because end time detected by thread: JMeter Users 1-231
2026-04-08 23:30:21,642 INFO o.a.j.t.JMeterThread: Stopping because end time detected by thread: JMeter Users 1-88
2026-04-08 23:30:21,642 INFO o.a.j.t.JMeterThread: Thread finished: JMeter Users 1-231
2026-04-08 23:30:21,642 INFO o.a.j.t.JMeterThread: Thread finished: JMeter Users 1-88
2026-04-08 23:30:21,646 INFO o.a.j.t.JMeterThread: Stopping because end time detected by thread: JMeter Users 1-274
2026-04-08 23:30:21,646 INFO o.a.j.t.JMeterThread: Thread finished: JMeter Users 1-274
2026-04-08 23:30:21,651 INFO o.a.j.t.JMeterThread: Stopping because end time detected by thread: JMeter Users 1-42
2026-04-08 23:30:21,651 INFO o.a.j.t.JMeterThread: Thread finished: JMeter Users 1-42
2026-04-08 23:30:21,659 INFO o.a.j.t.JMeterThread: Stopping because end time detected by thread: JMeter Users 1-112
2026-04-08 23:30:21,659 INFO o.a.j.t.JMeterThread: Thread finished: JMeter Users 1-112
2026-04-08 23:30:21,678 INFO o.a.j.t.JMeterThread: Stopping because end time detected by thread: JMeter Users 1-120
2026-04-08 23:30:21,678 INFO o.a.j.t.JMeterThread: Thread finished: JMeter Users 1-120
2026-04-08 23:30:21,678 INFO o.a.j.t.JMeterThread: Stopping because end time detected by thread: JMeter Users 1-11
2026-04-08 23:30:21,678 INFO o.a.j.t.JMeterThread: Thread finished: JMeter Users 1-11
2026-04-08 23:30:21,680 INFO o.a.j.t.JMeterThread: Stopping because end time detected by thread: JMeter Users 1-97
2026-04-08 23:30:21,680 INFO o.a.j.t.JMeterThread: Thread finished: JMeter Users 1-97
2026-04-08 23:30:21,685 INFO o.a.j.t.JMeterThread: Stopping because end time detected by thread: JMeter Users 1-286
2026-04-08 23:30:21,685 INFO o.a.j.t.JMeterThread: Thread finished: JMeter Users 1-286
2026-04-08 23:30:21,685 INFO o.a.j.e.StandardJMeterEngine: Notifying test listeners of end of test
2026-04-08 23:30:21,685 INFO o.a.j.r.Summariser: summary + 448109 in 00:00:22 = 20664.5/s Avg:    14 Min:     0 Max:  8779 Err: 445693 (99.46%) Active: 0 Started: 300 Finished: 300
2026-04-08 23:30:21,685 INFO o.a.j.r.Summariser: summary = 2309150 in 00:02:01 = 19028.1/s Avg:    11 Min:     0 Max:  8779 Err: 2293271 (99.31%)
2026-04-08 23:30:21,686 INFO o.a.j.JMeter: Generating Dashboard
2026-04-08 23:30:21,686 INFO o.a.j.r.d.ReportGenerator: Flushing result collector before report Generation
2026-04-08 23:30:21,693 INFO o.a.j.r.p.NormalizerSampleConsumer: Using format, 'ms', to parse timeStamp field
2026-04-08 23:30:48,016 INFO o.a.j.r.p.AbstractSampleConsumer: class org.apache.jmeter.report.processor.AggregateConsumer#stopProducing(): beginDate produced 0 samples
2026-04-08 23:30:48,016 INFO o.a.j.r.p.AbstractSampleConsumer: class org.apache.jmeter.report.processor.AggregateConsumer#stopProducing(): endDate produced 0 samples
2026-04-08 23:30:48,017 INFO o.a.j.r.p.AbstractSampleConsumer: class org.apache.jmeter.report.processor.ApdexSummaryConsumer#stopProducing(): apdexSummary produced 0 samples
2026-04-08 23:30:48,017 INFO o.a.j.r.p.AbstractSampleConsumer: class org.apache.jmeter.report.processor.RequestsSummaryConsumer#stopProducing(): requestsSummary produced 0 samples
2026-04-08 23:30:48,029 INFO o.a.j.r.p.AbstractSampleConsumer: class org.apache.jmeter.report.processor.StatisticsSummaryConsumer#stopProducing(): statisticsSummary produced 0 samples
2026-04-08 23:30:48,032 INFO o.a.j.r.p.AbstractSampleConsumer: class org.apache.jmeter.report.processor.Top5ErrorsBySamplerConsumer#stopProducing(): top5ErrorsBySampler produced 0 samples
2026-04-08 23:30:48,032 INFO o.a.j.r.p.AbstractSampleConsumer: class org.apache.jmeter.report.processor.ErrorsSummaryConsumer#stopProducing(): errorsSummary produced 0 samples
2026-04-08 23:30:48,032 INFO o.a.j.r.p.AbstractSampleConsumer: class org.apache.jmeter.report.processor.graph.impl.HitsPerSecondGraphConsumer#stopProducing(): hitsPerSecond produced 0 samples
2026-04-08 23:30:54,054 INFO o.a.j.r.p.AbstractSampleConsumer: class org.apache.jmeter.report.processor.graph.impl.LatencyVSRequestGraphConsumer#stopProducing(): latencyVsRequest produced 0 samples
2026-04-08 23:30:54,071 INFO o.a.j.r.p.AbstractSampleConsumer: class org.apache.jmeter.report.processor.graph.impl.SyntheticResponseTimeDistributionGraphConsumer#stopProducing(): syntheticResponseTimeDistribution produced 0 samples
2026-04-08 23:30:54,071 INFO o.a.j.r.p.AbstractSampleConsumer: class org.apache.jmeter.report.processor.graph.impl.BytesThroughputGraphConsumer#stopProducing(): bytesThroughputOverTime produced 0 samples
2026-04-08 23:30:54,071 INFO o.a.j.r.p.AbstractSampleConsumer: class org.apache.jmeter.report.processor.graph.impl.CodesPerSecondGraphConsumer#stopProducing(): codesPerSecond produced 0 samples
2026-04-08 23:30:59,061 INFO o.a.j.r.p.AbstractSampleConsumer: class org.apache.jmeter.report.processor.graph.impl.ResponseTimeVSRequestGraphConsumer#stopProducing(): responseTimeVsRequest produced 0 samples
2026-04-08 23:30:59,077 INFO o.a.j.r.p.AbstractSampleConsumer: class org.apache.jmeter.report.processor.FilterConsumer#stopProducing(): startIntervalControlerFilter produced 16164050 samples
2026-04-08 23:30:59,077 INFO o.a.j.r.p.AbstractSampleConsumer: class org.apache.jmeter.report.processor.graph.impl.TotalTPSGraphConsumer#stopProducing(): totalTPS produced 0 samples
2026-04-08 23:30:59,077 INFO o.a.j.r.p.AbstractSampleConsumer: class org.apache.jmeter.report.processor.graph.impl.ActiveThreadsGraphConsumer#stopProducing(): activeThreadsOverTime produced 0 samples
2026-04-08 23:30:59,077 INFO o.a.j.r.p.AbstractSampleConsumer: class org.apache.jmeter.report.processor.graph.impl.TimeVSThreadGraphConsumer#stopProducing(): timeVsThreads produced 0 samples
2026-04-08 23:30:59,078 INFO o.a.j.r.p.AbstractSampleConsumer: class org.apache.jmeter.report.processor.graph.impl.ResponseTimeDistributionGraphConsumer#stopProducing(): responseTimeDistribution produced 0 samples
2026-04-08 23:30:59,078 INFO o.a.j.r.p.AbstractSampleConsumer: class org.apache.jmeter.report.processor.graph.impl.TransactionsPerSecondGraphConsumer#stopProducing(): transactionsPerSecond produced 0 samples
2026-04-08 23:30:59,078 INFO o.a.j.r.p.AbstractSampleConsumer: class org.apache.jmeter.report.processor.graph.impl.ResponseTimePercentilesGraphConsumer#stopProducing(): responseTimePercentiles produced 0 samples
2026-04-08 23:30:59,082 INFO o.a.j.r.p.AbstractSampleConsumer: class org.apache.jmeter.report.processor.graph.impl.ResponseTimePercentilesOverTimeGraphConsumer#stopProducing(): responseTimePercentilesOverTime produced 0 samples
2026-04-08 23:30:59,083 INFO o.a.j.r.p.AbstractSampleConsumer: class org.apache.jmeter.report.processor.graph.impl.ResponseTimeOverTimeGraphConsumer#stopProducing(): responseTimesOverTime produced 0 samples
2026-04-08 23:30:59,083 INFO o.a.j.r.p.AbstractSampleConsumer: class org.apache.jmeter.report.processor.graph.impl.ConnectTimeOverTimeGraphConsumer#stopProducing(): connectTimeOverTime produced 0 samples
2026-04-08 23:30:59,083 INFO o.a.j.r.p.AbstractSampleConsumer: class org.apache.jmeter.report.processor.graph.impl.LatencyOverTimeGraphConsumer#stopProducing(): latenciesOverTime produced 0 samples
2026-04-08 23:30:59,083 INFO o.a.j.r.p.AbstractSampleConsumer: class org.apache.jmeter.report.processor.FilterConsumer#stopProducing(): nameFilter produced 46181625 samples
2026-04-08 23:30:59,083 INFO o.a.j.r.p.AbstractSampleConsumer: class org.apache.jmeter.report.processor.FilterConsumer#stopProducing(): dateRangeFilter produced 9236325 samples
2026-04-08 23:30:59,083 INFO o.a.j.r.p.AbstractSampleConsumer: class org.apache.jmeter.report.processor.NormalizerSampleConsumer#stopProducing(): normalizer produced 3078775 samples
2026-04-08 23:30:59,083 INFO o.a.j.r.p.CsvFileSampleSource: produce(): 3078775 samples produced in 37s 377 ms on channel 0
2026-04-08 23:30:59,083 INFO o.a.j.r.d.ReportGenerator: Exporting data using exporter:'json' of className:'org.apache.jmeter.report.dashboard.JsonExporter'
2026-04-08 23:30:59,133 INFO o.a.j.r.d.JsonExporter: Found data for consumer statisticsSummary in context
2026-04-08 23:30:59,133 INFO o.a.j.r.d.JsonExporter: Creating statistics for overall
2026-04-08 23:30:59,134 INFO o.a.j.r.d.JsonExporter: Creating statistics for other transactions
2026-04-08 23:30:59,134 INFO o.a.j.r.d.JsonExporter: Checking output folder
2026-04-08 23:30:59,134 INFO o.a.j.r.d.JsonExporter: Writing statistics JSON to /home/michael/Documents/School/MSSE640/msse640-assignments/project3/./report_stress-300/statistics.json
2026-04-08 23:30:59,158 INFO o.a.j.r.d.ReportGenerator: Exporting data using exporter:'html' of className:'org.apache.jmeter.report.dashboard.HtmlTemplateExporter'
2026-04-08 23:30:59,159 INFO o.a.j.r.d.HtmlTemplateExporter: Will generate dashboard in folder: /home/michael/Documents/School/MSSE640/msse640-assignments/project3/./report_stress-300
2026-04-08 23:30:59,224 INFO o.a.j.r.d.HtmlTemplateExporter: Report will be generated in: /home/michael/Documents/School/MSSE640/msse640-assignments/project3/./report_stress-300, creating folder structure
2026-04-08 23:30:59,225 INFO o.a.j.r.d.TemplateVisitor: Copying folder from '/opt/apache-jmeter-5.6.3/bin/report-template' to '/home/michael/Documents/School/MSSE640/msse640-assignments/project3/./report_stress-300', got message: /home/michael/Documents/School/MSSE640/msse640-assignments/project3/./report_stress-300, found non empty folder with following content [/home/michael/Documents/School/MSSE640/msse640-assignments/project3/./report_stress-300/statistics.json], will be ignored
2026-04-08 23:30:59,340 INFO o.a.j.JMeter: Dashboard generated
